predicted_label,true_label,prob_attack,confidence,traffic_density,risk_score,risk_level,true_is_attack
FTP-Patator,BENIGN,1.0,0.9913,0.0134,71.06,High,False
Web Attack - SQL Injection,BENIGN,1.0,0.926,0.0001,71.06,High,False
BENIGN,BENIGN,0.0,1.0,0.0,42.5,Medium,False
FTP-Patator,BENIGN,1.0,0.9939,0.0254,71.06,High,False
FTP-Patator,BENIGN,1.0,0.997,0.0425,71.06,High,False
FTP-Patator,BENIGN,1.0,0.9881,0.016,71.06,High,False
PortScan,BENIGN,1.0,0.9912,0.0,71.06,High,False
SSH-Patator,BENIGN,1.0,1.0,0.0002,71.06,High,False
SSH-Patator,BENIGN,1.0,0.996,0.0003,71.06,High,False
SSH-Patator,BENIGN,1.0,1.0,0.0002,71.06,High,False
SSH-Patator,BENIGN,1.0,0.9237,0.0006,71.06,High,False
SSH-Patator,BENIGN,1.0,0.967,0.0006,71.06,High,False
FTP-Patator,BENIGN,1.0,0.9991,0.0821,71.06,High,False
SSH-Patator,BENIGN,1.0,0.9998,0.0001,71.06,High,False
SSH-Patator,BENIGN,1.0,0.9979,0.0002,71.06,High,False
SSH-Patator,BENIGN,1.0,0.9767,0.0002,71.06,High,False
PortScan,BENIGN,1.0,0.207,0.002,42.5,Medium,False
FTP-Patator,BENIGN,1.0,0.9444,0.017,71.06,High,False
FTP-Patator,BENIGN,1.0,0.9998,0.1141,71.06,High,False
BENIGN,BENIGN,0.2168,0.5709,0.0,19.57,Low,False
SSH-Patator,BENIGN,1.0,0.9627,0.0005,71.06,High,False
FTP-Patator,BENIGN,1.0,0.9998,0.1524,71.06,High,False
DDoS,BENIGN,1.0,0.0119,0.0012,42.5,Medium,False
FTP-Patator,BENIGN,1.0,0.9986,0.0717,71.06,High,False
SSH-Patator,BENIGN,1.0,0.9998,0.0008,71.06,High,False
SSH-Patator,BENIGN,1.0,0.9885,0.0008,71.06,High,False
SSH-Patator,BENIGN,1.0,0.9557,0.0005,71.06,High,False
DoS slowloris,BENIGN,0.9999,0.9997,0.0,71.06,High,False
Web Attack - SQL Injection,BENIGN,1.0,1.0,0.0001,71.06,High,False
Bot,BENIGN,0.9874,0.9748,0.0,71.06,High,False
FTP-Patator,BENIGN,1.0,0.9994,0.0917,71.06,High,False
DoS GoldenEye,BENIGN,1.0,0.8596,0.0,71.06,High,False
FTP-Patator,BENIGN,1.0,0.6962,0.0,69.93,High,False
Web Attack - Brute Force,BENIGN,1.0,1.0,0.0,71.06,High,False
SSH-Patator,BENIGN,1.0,1.0,0.0004,71.06,High,False
DoS GoldenEye,BENIGN,1.0,0.9997,0.0,71.06,High,False
FTP-Patator,BENIGN,1.0,0.9986,0.0712,71.06,High,False
DoS slowloris,BENIGN,0.9077,0.8064,0.0,71.06,High,False
FTP-Patator,BENIGN,1.0,0.9988,0.086,71.06,High,False
SSH-Patator,BENIGN,1.0,0.7222,0.0009,70.94,High,False
FTP-Patator,BENIGN,1.0,0.999,0.0894,71.06,High,False
FTP-Patator,BENIGN,1.0,0.9996,0.0998,71.06,High,False
SSH-Patator,BENIGN,1.0,0.9816,0.0003,71.06,High,False
SSH-Patator,BENIGN,1.0,0.9916,0.0004,71.06,High,False
SSH-Patator,BENIGN,1.0,0.9663,0.0006,71.06,High,False
DoS slowloris,BENIGN,0.9999,0.9997,0.0,71.06,High,False
FTP-Patator,BENIGN,1.0,0.9988,0.0747,71.06,High,False
BENIGN,BENIGN,0.0,1.0,0.0,42.5,Medium,False
FTP-Patator,BENIGN,1.0,0.9996,0.0995,71.06,High,False
SSH-Patator,BENIGN,1.0,0.9773,0.0,71.06,High,False
SSH-Patator,BENIGN,1.0,0.9771,0.0002,71.06,High,False
BENIGN,BENIGN,0.0,1.0,1.0,71.06,High,False
SSH-Patator,BENIGN,1.0,0.9997,0.0001,71.06,High,False
PortScan,BENIGN,1.0,0.9904,0.003,71.06,High,False
Bot,BENIGN,1.0,0.9999,0.0097,71.06,High,False
PortScan,BENIGN,1.0,0.5467,0.0,42.5,Medium,False
SSH-Patator,BENIGN,1.0,0.9836,0.0003,71.06,High,False
FTP-Patator,BENIGN,1.0,0.9987,0.0725,71.06,High,False
BENIGN,BENIGN,0.0,1.0,0.0,42.5,Medium,False
BENIGN,BENIGN,0.0,1.0,0.0,42.5,Medium,False
PortScan,BENIGN,1.0,0.5826,0.0,48.05,Medium,False
FTP-Patator,BENIGN,1.0,0.9885,0.0254,71.06,High,False
DoS slowloris,BENIGN,1.0,0.8446,0.0,71.06,High,False
DoS GoldenEye,BENIGN,1.0,0.9768,0.0,71.06,High,False
FTP-Patator,BENIGN,1.0,0.9755,0.0442,71.06,High,False
PortScan,BENIGN,1.0,0.4247,0.0099,42.5,Medium,False
FTP-Patator,BENIGN,1.0,1.0,0.3243,72.17,High,False
DDoS,BENIGN,1.0,0.9996,0.0,71.06,High,False
SSH-Patator,BENIGN,1.0,0.9778,0.0001,71.06,High,False
BENIGN,BENIGN,0.0,1.0,1.0,71.06,High,False
BENIGN,BENIGN,0.0,1.0,0.0002,42.5,Medium,False
Bot,BENIGN,1.0,0.9998,0.018,71.06,High,False
SSH-Patator,BENIGN,1.0,0.9811,0.0003,71.06,High,False
BENIGN,BENIGN,0.0,1.0,0.0202,42.5,Medium,False
SSH-Patator,BENIGN,1.0,0.9775,0.0002,71.06,High,False
FTP-Patator,BENIGN,1.0,0.9993,0.091,71.06,High,False
DoS GoldenEye,BENIGN,1.0,0.9983,0.0,71.06,High,False
SSH-Patator,BENIGN,1.0,0.9865,0.0001,71.06,High,False
PortScan,BENIGN,1.0,0.9919,0.0068,71.06,High,False
SSH-Patator,BENIGN,1.0,0.9783,0.0001,71.06,High,False
FTP-Patator,BENIGN,1.0,0.9998,0.1113,71.06,High,False
SSH-Patator,BENIGN,1.0,0.9925,0.0003,71.06,High,False
Web Attack - Brute Force,BENIGN,1.0,0.9997,0.0,71.06,High,False
SSH-Patator,BENIGN,1.0,0.9987,0.0003,71.06,High,False
SSH-Patator,BENIGN,1.0,0.9753,0.0,71.06,High,False
SSH-Patator,BENIGN,1.0,0.9989,0.0001,71.06,High,False
PortScan,BENIGN,1.0,0.7941,0.0,71.06,High,False
Bot,BENIGN,1.0,0.1056,0.0106,42.5,Medium,False
FTP-Patator,BENIGN,1.0,0.9728,0.0197,71.06,High,False
DoS slowloris,BENIGN,1.0,0.1707,0.0,42.5,Medium,False
SSH-Patator,BENIGN,1.0,0.9718,0.0008,71.06,High,False
DoS GoldenEye,BENIGN,1.0,1.0,0.0,71.06,High,False
PortScan,BENIGN,1.0,0.1093,0.0,42.5,Medium,False
SSH-Patator,BENIGN,1.0,0.721,0.0,70.94,High,False
DoS GoldenEye,BENIGN,1.0,1.0,0.0,71.06,High,False
SSH-Patator,BENIGN,1.0,0.9767,0.0,71.06,High,False
DoS GoldenEye,BENIGN,1.0,0.9999,0.0,71.06,High,False
SSH-Patator,BENIGN,1.0,0.9774,0.0,71.06,High,False
SSH-Patator,BENIGN,1.0,0.9769,0.0,71.06,High,False
BENIGN,BENIGN,0.0,1.0,0.0,42.5,Medium,False
Web Attack - SQL Injection,BENIGN,1.0,0.9819,0.0001,71.06,High,False
FTP-Patator,BENIGN,1.0,0.9901,0.2236,71.06,High,False
BENIGN,BENIGN,0.0,1.0,0.0,42.5,Medium,False
SSH-Patator,BENIGN,1.0,0.9819,0.0,71.06,High,False
SSH-Patator,BENIGN,1.0,0.9772,0.0002,71.06,High,False
PortScan,BENIGN,1.0,0.9918,0.0089,71.06,High,False
PortScan,BENIGN,1.0,0.9698,0.0,71.06,High,False
FTP-Patator,BENIGN,1.0,1.0,0.3943,79.05,High,False
PortScan,BENIGN,1.0,0.2021,0.0,42.5,Medium,False
Bot,BENIGN,0.9955,0.991,0.0,71.06,High,False
DoS GoldenEye,BENIGN,1.0,1.0,0.0,71.06,High,False
DoS slowloris,BENIGN,1.0,0.9923,0.0,71.06,High,False
SSH-Patator,BENIGN,1.0,0.9998,0.0008,71.06,High,False
FTP-Patator,BENIGN,1.0,0.9997,0.1152,71.06,High,False
FTP-Patator,BENIGN,1.0,0.999,0.0816,71.06,High,False
SSH-Patator,BENIGN,1.0,0.9356,0.0007,71.06,High,False
PortScan,BENIGN,1.0,1.0,0.0022,71.06,High,False
SSH-Patator,BENIGN,1.0,0.9864,0.0001,71.06,High,False
SSH-Patator,BENIGN,1.0,0.9426,0.0013,71.06,High,False
DoS GoldenEye,BENIGN,1.0,0.9974,0.0,71.06,High,False
DoS GoldenEye,BENIGN,1.0,0.9986,0.0,71.06,High,False
PortScan,BENIGN,1.0,0.9819,0.0031,71.06,High,False
SSH-Patator,BENIGN,1.0,0.9561,0.0005,71.06,High,False
SSH-Patator,BENIGN,1.0,0.9999,0.0003,71.06,High,False
DoS Hulk,BENIGN,1.0,0.4965,0.0,42.5,Medium,False
Bot,BENIGN,0.9949,0.9898,0.0,71.06,High,False
SSH-Patator,BENIGN,1.0,0.9995,0.0002,71.06,High,False
PortScan,BENIGN,1.0,0.9707,0.0066,71.06,High,False
SSH-Patator,BENIGN,1.0,0.9097,0.0015,71.06,High,False
SSH-Patator,BENIGN,1.0,0.9325,0.0006,71.06,High,False
SSH-Patator,BENIGN,1.0,0.9783,0.0008,71.06,High,False
SSH-Patator,BENIGN,1.0,0.9999,0.0001,71.06,High,False
SSH-Patator,BENIGN,1.0,1.0,0.0002,71.06,High,False
PortScan,Bot,1.0,0.9997,0.0,71.06,High,True
PortScan,Bot,1.0,0.9834,0.0003,71.06,High,True
PortScan,Bot,1.0,0.9995,0.0695,71.06,High,True
PortScan,Bot,1.0,0.4377,0.0811,42.5,Medium,True
PortScan,Bot,1.0,0.6915,0.0135,68.85,High,True
PortScan,Bot,1.0,0.9706,0.0003,71.06,High,True
PortScan,Bot,1.0,0.5638,0.0608,44.86,Medium,True
PortScan,Bot,1.0,0.9996,0.0,71.06,High,True
PortScan,Bot,1.0,0.9995,0.0,71.06,High,True
PortScan,Bot,1.0,0.7606,0.0195,71.06,High,True
PortScan,Bot,1.0,0.7129,0.0295,70.9,High,True
PortScan,Bot,1.0,0.8226,0.0243,71.06,High,True
PortScan,Bot,1.0,0.9995,0.0,71.06,High,True
PortScan,Bot,1.0,0.9995,0.0,71.06,High,True
PortScan,Bot,1.0,0.9801,0.0004,71.06,High,True
PortScan,Bot,1.0,0.7089,0.0512,70.88,High,True
PortScan,Bot,1.0,0.8201,0.0001,71.06,High,True
PortScan,Bot,1.0,0.9996,0.0,71.06,High,True
Bot,Bot,1.0,0.9932,0.0199,71.06,High,True
Bot,Bot,1.0,0.9943,0.0463,71.06,High,True
PortScan,Bot,1.0,0.9825,0.0005,71.06,High,True
PortScan,Bot,1.0,0.7198,0.0278,70.93,High,True
PortScan,Bot,1.0,0.9777,0.0004,71.06,High,True
Bot,Bot,1.0,1.0,0.3243,72.17,High,True
PortScan,Bot,1.0,0.9784,0.0004,71.06,High,True
PortScan,Bot,1.0,0.6191,0.0649,54.37,Medium,True
PortScan,Bot,1.0,0.6743,0.0111,65.1,High,True
PortScan,Bot,1.0,0.9707,0.0003,71.06,High,True
PortScan,Bot,1.0,0.9792,0.0004,71.06,High,True
PortScan,Bot,1.0,0.9625,0.0003,71.06,High,True
PortScan,Bot,1.0,0.9821,0.0005,71.06,High,True
PortScan,Bot,1.0,0.8436,0.0278,71.06,High,True
PortScan,Bot,1.0,0.9996,0.0,71.06,High,True
PortScan,Bot,1.0,0.9995,0.0,71.06,High,True
PortScan,Bot,1.0,0.3879,0.0748,42.5,Medium,True
PortScan,Bot,1.0,0.2782,0.0001,42.5,Medium,True
PortScan,Bot,1.0,0.9995,0.0,71.06,High,True
PortScan,Bot,1.0,0.5723,0.0748,46.3,Medium,True
PortScan,Bot,1.0,0.9738,0.0003,71.06,High,True
PortScan,Bot,1.0,0.7627,0.0195,71.06,High,True
Bot,Bot,1.0,0.9933,0.0184,71.06,High,True
PortScan,Bot,1.0,0.9809,0.0004,71.06,High,True
PortScan,Bot,1.0,0.9777,0.0004,71.06,High,True
PortScan,Bot,1.0,0.7429,0.0295,71.03,High,True
PortScan,Bot,1.0,0.9795,0.0004,71.06,High,True
PortScan,Bot,1.0,0.9795,0.0004,71.06,High,True
PortScan,Bot,1.0,0.5632,0.0105,44.76,Medium,True
FTP-Patator,Bot,1.0,0.0102,0.0184,42.5,Medium,True
PortScan,Bot,1.0,0.98,0.0004,71.06,High,True
Bot,Bot,1.0,0.9947,0.0512,71.06,High,True
FTP-Patator,Bot,1.0,0.0606,0.0135,42.5,Medium,True
PortScan,Bot,1.0,0.9833,0.0005,71.06,High,True
PortScan,Bot,1.0,0.6834,0.0249,67.06,High,True
PortScan,Bot,1.0,0.9996,0.0,71.06,High,True
PortScan,Bot,1.0,0.9806,0.0004,71.06,High,True
PortScan,Bot,1.0,0.9741,0.0885,71.06,High,True
PortScan,Bot,1.0,0.978,0.0004,71.06,High,True
PortScan,Bot,1.0,0.9815,0.0004,71.06,High,True
PortScan,Bot,1.0,0.9771,0.0004,71.06,High,True
PortScan,Bot,1.0,0.9764,0.0003,71.06,High,True
PortScan,Bot,1.0,0.7589,0.0203,71.06,High,True
PortScan,Bot,1.0,0.9813,0.0004,71.06,High,True
Bot,Bot,1.0,1.0,0.3243,72.17,High,True
Bot,Bot,1.0,0.9943,0.0463,71.06,High,True
PortScan,Bot,1.0,0.7267,0.0295,70.96,High,True
PortScan,Bot,1.0,0.5471,0.0078,42.5,Medium,True
PortScan,Bot,1.0,0.7595,0.0191,71.06,High,True
PortScan,Bot,1.0,0.9793,0.0004,71.06,High,True
Bot,Bot,1.0,1.0,0.2432,71.06,High,True
PortScan,Bot,1.0,0.9995,0.0,71.06,High,True
PortScan,Bot,1.0,0.9996,0.0,71.06,High,True
PortScan,Bot,1.0,0.7447,0.0207,71.04,High,True
PortScan,Bot,1.0,0.7614,0.0263,71.06,High,True
PortScan,Bot,1.0,0.7427,0.0263,71.03,High,True
Bot,Bot,1.0,0.9933,0.0187,71.06,High,True
PortScan,Bot,1.0,0.9786,0.0004,71.06,High,True
PortScan,Bot,1.0,0.7163,0.0314,70.92,High,True
PortScan,Bot,1.0,0.9996,0.0,71.06,High,True
PortScan,Bot,1.0,0.7616,0.0199,71.06,High,True
PortScan,Bot,1.0,0.9997,0.0,71.06,High,True
PortScan,Bot,1.0,0.6909,0.0243,68.72,High,True
Bot,Bot,1.0,0.9983,0.0885,71.06,High,True
PortScan,Bot,1.0,0.9995,0.0,71.06,High,True
PortScan,Bot,1.0,0.9791,0.0004,71.06,High,True
PortScan,Bot,1.0,0.9693,0.0003,71.06,High,True
PortScan,Bot,1.0,0.9231,0.0002,71.06,High,True
PortScan,Bot,1.0,0.6848,0.0243,67.36,High,True
Bot,Bot,1.0,0.9939,0.0423,71.06,High,True
Bot,Bot,1.0,0.9958,0.0541,71.06,High,True
Bot,Bot,1.0,1.0,0.2432,71.06,High,True
Bot,Bot,1.0,0.9932,0.0199,71.06,High,True
PortScan,Bot,1.0,0.7608,0.0203,71.06,High,True
PortScan,Bot,1.0,0.9996,0.0,71.06,High,True
PortScan,Bot,1.0,0.9801,0.0004,71.06,High,True
PortScan,Bot,1.0,0.7644,0.0207,71.06,High,True
Bot,Bot,1.0,0.9999,0.2432,71.06,High,True
PortScan,Bot,1.0,0.7233,0.0463,70.95,High,True
Bot,Bot,1.0,1.0,0.3243,72.17,High,True
PortScan,Bot,1.0,0.9813,0.0004,71.06,High,True
PortScan,Bot,1.0,0.9997,0.0,71.06,High,True
PortScan,Bot,1.0,0.9996,0.0,71.06,High,True
Bot,Bot,1.0,1.0,0.0173,71.06,High,True
PortScan,Bot,1.0,0.9806,0.0004,71.06,High,True
PortScan,Bot,1.0,0.9996,0.0,71.06,High,True
PortScan,Bot,1.0,0.9811,0.0004,71.06,High,True
PortScan,Bot,1.0,0.9798,0.0004,71.06,High,True
Bot,Bot,1.0,1.0,0.0508,71.06,High,True
PortScan,Bot,1.0,0.7164,0.0152,70.92,High,True
PortScan,Bot,1.0,0.9996,0.0,71.06,High,True
Bot,Bot,1.0,1.0,0.3243,72.17,High,True
Bot,Bot,1.0,0.9939,0.0423,71.06,High,True
PortScan,Bot,1.0,0.9732,0.0003,71.06,High,True
PortScan,Bot,1.0,0.973,0.0003,71.06,High,True
Bot,Bot,1.0,0.8629,0.139,71.06,High,True
PortScan,Bot,1.0,0.9798,0.0004,71.06,High,True
PortScan,Bot,1.0,0.9805,0.0004,71.06,High,True
PortScan,Bot,1.0,0.9996,0.0,71.06,High,True
PortScan,Bot,1.0,0.7066,0.0512,70.87,High,True
Bot,Bot,1.0,0.9945,0.0486,71.06,High,True
PortScan,Bot,1.0,0.9995,0.0,71.06,High,True
PortScan,Bot,1.0,0.9814,0.0004,71.06,High,True
PortScan,Bot,1.0,0.1164,0.0304,42.5,Medium,True
PortScan,Bot,1.0,0.5433,0.0064,42.5,Medium,True
PortScan,Bot,1.0,0.9996,0.0,71.06,High,True
Bot,Bot,1.0,0.9708,0.973,92.22,Critical,True
PortScan,Bot,1.0,0.9775,0.0004,71.06,High,True
PortScan,Bot,1.0,0.7149,0.0336,70.91,High,True
PortScan,Bot,1.0,0.9814,0.0004,71.06,High,True
PortScan,Bot,1.0,0.6272,0.0203,55.87,Medium,True
FTP-Patator,Bot,1.0,0.9709,0.027,71.06,High,True
PortScan,Bot,1.0,0.8824,0.0002,71.06,High,True
PortScan,Bot,1.0,0.8064,0.0001,71.06,High,True
PortScan,Bot,1.0,0.9785,0.0004,71.06,High,True
DDoS,DDoS,1.0,1.0,0.0031,71.06,High,True
DDoS,DDoS,1.0,1.0,0.0087,71.06,High,True
DDoS,DDoS,1.0,1.0,0.0005,71.06,High,True
Web Attack - Brute Force,DDoS,1.0,0.9705,0.0,71.06,High,True
DDoS,DDoS,1.0,0.973,0.0,71.06,High,True
DDoS,DDoS,1.0,1.0,0.0084,71.06,High,True
DDoS,DDoS,1.0,1.0,0.0042,71.06,High,True
DDoS,DDoS,1.0,1.0,0.0012,71.06,High,True
DDoS,DDoS,1.0,1.0,0.0006,71.06,High,True
Web Attack - Brute Force,DDoS,1.0,1.0,0.0,71.06,High,True
DDoS,DDoS,1.0,1.0,0.0005,71.06,High,True
DDoS,DDoS,1.0,0.9455,0.0,71.06,High,True
FTP-Patator,DDoS,1.0,0.6828,0.0,66.92,High,True
DDoS,DDoS,1.0,1.0,0.0027,71.06,High,True
DDoS,DDoS,1.0,1.0,0.0006,71.06,High,True
SSH-Patator,DDoS,1.0,0.9777,0.0,71.06,High,True
DDoS,DDoS,1.0,1.0,0.0013,71.06,High,True
Web Attack - Brute Force,DDoS,1.0,1.0,0.0,71.06,High,True
FTP-Patator,DDoS,1.0,0.0425,0.0,42.5,Medium,True
Web Attack - Brute Force,DDoS,1.0,0.9994,0.0,71.06,High,True
DDoS,DDoS,1.0,0.1362,0.0001,42.5,Medium,True
FTP-Patator,DDoS,1.0,0.9315,0.0,71.06,High,True
Web Attack - Brute Force,DDoS,1.0,1.0,0.0,71.06,High,True
DDoS,DDoS,1.0,1.0,0.003,71.06,High,True
DDoS,DDoS,1.0,0.4412,0.0,42.5,Medium,True
DDoS,DDoS,1.0,1.0,0.0035,71.06,High,True
Web Attack - SQL Injection,DDoS,1.0,0.027,0.0,42.5,Medium,True
DDoS,DDoS,1.0,1.0,0.0339,71.06,High,True
Web Attack - Brute Force,DDoS,1.0,0.9999,0.0,71.06,High,True
DoS Hulk,DDoS,1.0,0.4813,0.0,42.5,Medium,True
DDoS,DDoS,1.0,0.7566,0.0,71.06,High,True
DDoS,DDoS,1.0,1.0,0.0005,71.06,High,True
DDoS,DDoS,1.0,1.0,0.0077,71.06,High,True
DDoS,DDoS,1.0,0.1144,0.0,42.5,Medium,True
DoS Hulk,DDoS,1.0,0.8573,0.0,71.06,High,True
DDoS,DDoS,1.0,1.0,0.0024,71.06,High,True
SSH-Patator,DDoS,1.0,0.9058,0.0,71.06,High,True
DDoS,DDoS,1.0,1.0,0.0048,71.06,High,True
DDoS,DDoS,1.0,0.9318,0.0,71.06,High,True
DDoS,DDoS,1.0,1.0,0.0213,71.06,High,True
Web Attack - Brute Force,DDoS,1.0,0.8042,0.0,71.06,High,True
DDoS,DDoS,1.0,1.0,0.0005,71.06,High,True
DDoS,DDoS,1.0,1.0,0.0244,71.06,High,True
Web Attack - Brute Force,DDoS,1.0,1.0,0.0,71.06,High,True
DDoS,DDoS,1.0,1.0,0.0159,71.06,High,True
DDoS,DDoS,1.0,1.0,0.0008,71.06,High,True
Web Attack - Brute Force,DDoS,1.0,0.8575,0.0,71.06,High,True
DDoS,DDoS,1.0,1.0,0.0006,71.06,High,True
DoS Hulk,DDoS,1.0,0.9821,0.0,71.06,High,True
DDoS,DDoS,1.0,1.0,0.0019,71.06,High,True
Web Attack - Brute Force,DDoS,1.0,1.0,0.0,71.06,High,True
DDoS,DDoS,1.0,0.9989,0.0001,71.06,High,True
DDoS,DDoS,1.0,1.0,0.0008,71.06,High,True
DDoS,DDoS,1.0,1.0,0.0187,71.06,High,True
DDoS,DDoS,1.0,1.0,0.0023,71.06,High,True
DDoS,DDoS,1.0,1.0,0.0018,71.06,High,True
FTP-Patator,DDoS,1.0,0.9671,0.0,71.06,High,True
DoS Hulk,DDoS,1.0,0.9668,0.0,71.06,High,True
DDoS,DDoS,1.0,1.0,0.0021,71.06,High,True
Web Attack - Brute Force,DDoS,1.0,1.0,0.0,71.06,High,True
DDoS,DDoS,1.0,0.9354,0.0,71.06,High,True
Web Attack - Brute Force,DDoS,1.0,0.9974,0.0,71.06,High,True
DDoS,DDoS,1.0,0.6729,0.0,64.82,High,True
DDoS,DDoS,1.0,0.9992,0.0,71.06,High,True
DoS Hulk,DDoS,1.0,0.6711,0.0,64.44,High,True
DDoS,DDoS,1.0,1.0,0.0013,71.06,High,True
DDoS,DDoS,1.0,1.0,0.0281,71.06,High,True
DDoS,DDoS,1.0,1.0,0.0258,71.06,High,True
DDoS,DDoS,1.0,1.0,0.002,71.06,High,True
FTP-Patator,DDoS,1.0,0.9781,0.0,71.06,High,True
Web Attack - Brute Force,DDoS,1.0,0.9998,0.0,71.06,High,True
DDoS,DDoS,1.0,1.0,0.0015,71.06,High,True
Web Attack - Brute Force,DDoS,1.0,1.0,0.0,71.06,High,True
Web Attack - Brute Force,DDoS,1.0,1.0,0.0,71.06,High,True
DDoS,DDoS,1.0,1.0,0.0029,71.06,High,True
DDoS,DDoS,1.0,1.0,0.0005,71.06,High,True
FTP-Patator,DDoS,1.0,0.5719,0.0,46.24,Medium,True
DDoS,DDoS,1.0,1.0,0.0056,71.06,High,True
DDoS,DDoS,1.0,1.0,0.0062,71.06,High,True
SSH-Patator,DDoS,1.0,0.9778,0.0,71.06,High,True
DoS Hulk,DDoS,1.0,0.9945,0.0,71.06,High,True
Web Attack - Brute Force,DDoS,1.0,1.0,0.0,71.06,High,True
Web Attack - Brute Force,DDoS,1.0,1.0,0.0,71.06,High,True
DDoS,DDoS,1.0,1.0,0.0007,71.06,High,True
Web Attack - Brute Force,DDoS,1.0,1.0,0.0,71.06,High,True
DDoS,DDoS,1.0,1.0,0.0009,71.06,High,True
DDoS,DDoS,1.0,1.0,0.0018,71.06,High,True
SSH-Patator,DDoS,1.0,0.9662,0.0,71.06,High,True
DDoS,DDoS,1.0,1.0,0.0005,71.06,High,True
SSH-Patator,DDoS,1.0,0.9779,0.0,71.06,High,True
DDoS,DDoS,1.0,1.0,0.0162,71.06,High,True
DDoS,DDoS,1.0,1.0,0.0215,71.06,High,True
DDoS,DDoS,1.0,1.0,0.0018,71.06,High,True
DDoS,DDoS,1.0,1.0,0.0041,71.06,High,True
DDoS,DDoS,1.0,1.0,0.0005,71.06,High,True
Web Attack - Brute Force,DDoS,1.0,0.9899,0.0,71.06,High,True
DDoS,DDoS,1.0,1.0,0.0008,71.06,High,True
DDoS,DDoS,1.0,1.0,0.0019,71.06,High,True
DDoS,DDoS,1.0,1.0,0.0006,71.06,High,True
DDoS,DDoS,1.0,1.0,0.0128,71.06,High,True
DoS Hulk,DDoS,1.0,0.1061,0.0,42.5,Medium,True
DDoS,DDoS,1.0,0.9944,0.0001,71.06,High,True
Web Attack - Brute Force,DDoS,1.0,0.9997,0.0,71.06,High,True
DDoS,DDoS,1.0,1.0,0.0013,71.06,High,True
DDoS,DDoS,1.0,1.0,0.0525,71.06,High,True
DDoS,DDoS,1.0,1.0,0.0,71.06,High,True
DoS Hulk,DDoS,1.0,0.7469,0.0,71.05,High,True
FTP-Patator,DDoS,1.0,0.9753,0.0,71.06,High,True
SSH-Patator,DDoS,1.0,0.9776,0.0,71.06,High,True
Web Attack - Brute Force,DDoS,1.0,0.9999,0.0,71.06,High,True
DDoS,DDoS,1.0,1.0,0.0166,71.06,High,True
DDoS,DDoS,1.0,1.0,0.0042,71.06,High,True
FTP-Patator,DDoS,1.0,0.9641,0.0,71.06,High,True
DDoS,DDoS,1.0,1.0,0.0009,71.06,High,True
Web Attack - Brute Force,DDoS,1.0,0.4176,0.0,42.5,Medium,True
DDoS,DDoS,1.0,1.0,0.0014,71.06,High,True
DDoS,DDoS,1.0,1.0,0.0006,71.06,High,True
DDoS,DDoS,1.0,1.0,0.0492,71.06,High,True
DDoS,DDoS,1.0,0.779,0.0,71.06,High,True
DDoS,DDoS,1.0,1.0,0.0349,71.06,High,True
DDoS,DDoS,1.0,1.0,0.0013,71.06,High,True
DDoS,DDoS,1.0,1.0,0.0011,71.06,High,True
DDoS,DDoS,1.0,1.0,0.0005,71.06,High,True
DDoS,DDoS,1.0,1.0,0.0006,71.06,High,True
DDoS,DDoS,1.0,1.0,0.0322,71.06,High,True
Web Attack - Brute Force,DDoS,1.0,1.0,0.0,71.06,High,True
Web Attack - Brute Force,DDoS,1.0,0.9997,0.0,71.06,High,True
DDoS,DDoS,1.0,1.0,0.0011,71.06,High,True
Web Attack - Brute Force,DDoS,1.0,1.0,0.0,71.06,High,True
Web Attack - Brute Force,DDoS,1.0,0.9791,0.0,71.06,High,True
DDoS,DDoS,1.0,1.0,0.0008,71.06,High,True
FTP-Patator,DDoS,1.0,0.8942,0.0,71.06,High,True
DDoS,DDoS,1.0,0.9996,0.0,71.06,High,True
DoS GoldenEye,DoS GoldenEye,1.0,1.0,0.0001,71.06,High,True
DoS GoldenEye,DoS GoldenEye,1.0,1.0,0.0001,71.06,High,True
DoS GoldenEye,DoS GoldenEye,1.0,1.0,0.0002,71.06,High,True
Web Attack - SQL Injection,DoS GoldenEye,1.0,1.0,0.0001,71.06,High,True
DoS GoldenEye,DoS GoldenEye,1.0,0.9999,0.0,71.06,High,True
DoS GoldenEye,DoS GoldenEye,1.0,1.0,0.0001,71.06,High,True
DoS GoldenEye,DoS GoldenEye,1.0,1.0,0.0001,71.06,High,True
SSH-Patator,DoS GoldenEye,1.0,0.9807,0.0,71.06,High,True
DoS GoldenEye,DoS GoldenEye,1.0,0.3032,0.0,42.5,Medium,True
DoS GoldenEye,DoS GoldenEye,1.0,1.0,0.0001,71.06,High,True
DoS slowloris,DoS GoldenEye,1.0,1.0,0.0,71.06,High,True
DoS GoldenEye,DoS GoldenEye,1.0,1.0,0.0001,71.06,High,True
DoS GoldenEye,DoS GoldenEye,1.0,1.0,0.0,71.06,High,True
DoS GoldenEye,DoS GoldenEye,1.0,0.9996,0.0,71.06,High,True
DoS GoldenEye,DoS GoldenEye,1.0,1.0,0.0002,71.06,High,True
DoS slowloris,DoS GoldenEye,1.0,1.0,0.0,71.06,High,True
SSH-Patator,DoS GoldenEye,1.0,0.9803,0.0,71.06,High,True
DoS GoldenEye,DoS GoldenEye,1.0,1.0,0.0,71.06,High,True
DoS GoldenEye,DoS GoldenEye,1.0,0.9982,0.0,71.06,High,True
DoS GoldenEye,DoS GoldenEye,1.0,1.0,0.0001,71.06,High,True
DoS GoldenEye,DoS GoldenEye,1.0,0.9974,0.0,71.06,High,True
DoS GoldenEye,DoS GoldenEye,1.0,1.0,0.0001,71.06,High,True
DoS GoldenEye,DoS GoldenEye,1.0,1.0,0.0001,71.06,High,True
DoS GoldenEye,DoS GoldenEye,1.0,1.0,0.0001,71.06,High,True
DoS GoldenEye,DoS GoldenEye,1.0,1.0,0.0001,71.06,High,True
DoS GoldenEye,DoS GoldenEye,1.0,0.9951,0.0,71.06,High,True
DoS GoldenEye,DoS GoldenEye,1.0,0.9949,0.0,71.06,High,True
DoS GoldenEye,DoS GoldenEye,1.0,1.0,0.0001,71.06,High,True
DoS GoldenEye,DoS GoldenEye,1.0,1.0,0.0001,71.06,High,True
DoS GoldenEye,DoS GoldenEye,1.0,1.0,0.0001,71.06,High,True
DoS GoldenEye,DoS GoldenEye,1.0,1.0,0.0,71.06,High,True
DoS GoldenEye,DoS GoldenEye,1.0,1.0,0.0001,71.06,High,True
DoS GoldenEye,DoS GoldenEye,1.0,0.9956,0.0,71.06,High,True
DoS GoldenEye,DoS GoldenEye,1.0,1.0,0.0,71.06,High,True
DoS GoldenEye,DoS GoldenEye,1.0,1.0,0.0001,71.06,High,True
DoS GoldenEye,DoS GoldenEye,1.0,1.0,0.0001,71.06,High,True
DoS GoldenEye,DoS GoldenEye,1.0,1.0,0.0001,71.06,High,True
DoS GoldenEye,DoS GoldenEye,1.0,1.0,0.0001,71.06,High,True
DoS GoldenEye,DoS GoldenEye,1.0,1.0,0.0001,71.06,High,True
DoS GoldenEye,DoS GoldenEye,1.0,1.0,0.0001,71.06,High,True
DoS GoldenEye,DoS GoldenEye,1.0,1.0,0.0001,71.06,High,True
DoS GoldenEye,DoS GoldenEye,1.0,0.9954,0.0,71.06,High,True
DoS slowloris,DoS GoldenEye,1.0,1.0,0.0,71.06,High,True
PortScan,DoS GoldenEye,1.0,1.0,0.0,71.06,High,True
DoS GoldenEye,DoS GoldenEye,1.0,1.0,0.0,71.06,High,True
DoS GoldenEye,DoS GoldenEye,1.0,0.9947,0.0,71.06,High,True
DoS GoldenEye,DoS GoldenEye,1.0,1.0,0.0002,71.06,High,True
DoS GoldenEye,DoS GoldenEye,1.0,1.0,0.0001,71.06,High,True
DoS GoldenEye,DoS GoldenEye,1.0,1.0,0.0001,71.06,High,True
DoS GoldenEye,DoS GoldenEye,1.0,1.0,0.0001,71.06,High,True
DoS GoldenEye,DoS GoldenEye,1.0,1.0,0.0001,71.06,High,True
DoS GoldenEye,DoS GoldenEye,1.0,1.0,0.0001,71.06,High,True
Web Attack - SQL Injection,DoS GoldenEye,1.0,1.0,0.0001,71.06,High,True
DoS GoldenEye,DoS GoldenEye,1.0,1.0,0.0001,71.06,High,True
DoS GoldenEye,DoS GoldenEye,1.0,1.0,0.0002,71.06,High,True
DoS GoldenEye,DoS GoldenEye,1.0,0.9993,0.0,71.06,High,True
DoS GoldenEye,DoS GoldenEye,1.0,1.0,0.0,71.06,High,True
DoS GoldenEye,DoS GoldenEye,1.0,1.0,0.0002,71.06,High,True
DoS GoldenEye,DoS GoldenEye,1.0,1.0,0.0001,71.06,High,True
PortScan,DoS GoldenEye,1.0,0.9978,0.0,71.06,High,True
Web Attack - SQL Injection,DoS GoldenEye,1.0,0.9233,0.0,71.06,High,True
DoS GoldenEye,DoS GoldenEye,1.0,1.0,0.0,71.06,High,True
DoS GoldenEye,DoS GoldenEye,1.0,1.0,0.0001,71.06,High,True
DoS GoldenEye,DoS GoldenEye,1.0,1.0,0.0002,71.06,High,True
DoS GoldenEye,DoS GoldenEye,1.0,1.0,0.0001,71.06,High,True
DoS GoldenEye,DoS GoldenEye,1.0,1.0,0.0002,71.06,High,True
DoS GoldenEye,DoS GoldenEye,1.0,1.0,0.0002,71.06,High,True
DoS GoldenEye,DoS GoldenEye,1.0,0.9964,0.0,71.06,High,True
DoS GoldenEye,DoS GoldenEye,1.0,1.0,0.0001,71.06,High,True
DoS GoldenEye,DoS GoldenEye,1.0,0.9953,0.0,71.06,High,True
DoS GoldenEye,DoS GoldenEye,1.0,1.0,0.0001,71.06,High,True
DoS GoldenEye,DoS GoldenEye,1.0,1.0,0.0001,71.06,High,True
DoS GoldenEye,DoS GoldenEye,1.0,1.0,0.0002,71.06,High,True
DoS GoldenEye,DoS GoldenEye,1.0,1.0,0.0001,71.06,High,True
DoS GoldenEye,DoS GoldenEye,1.0,1.0,0.0001,71.06,High,True
DoS GoldenEye,DoS GoldenEye,1.0,1.0,0.0001,71.06,High,True
DoS GoldenEye,DoS GoldenEye,1.0,1.0,0.0001,71.06,High,True
SSH-Patator,DoS GoldenEye,1.0,0.9909,0.0,71.06,High,True
DoS GoldenEye,DoS GoldenEye,1.0,0.2016,0.0002,42.5,Medium,True
DoS GoldenEye,DoS GoldenEye,1.0,1.0,0.0001,71.06,High,True
DoS GoldenEye,DoS GoldenEye,1.0,1.0,0.0001,71.06,High,True
DoS GoldenEye,DoS GoldenEye,1.0,1.0,0.0001,71.06,High,True
DoS GoldenEye,DoS GoldenEye,1.0,1.0,0.0001,71.06,High,True
DoS GoldenEye,DoS GoldenEye,1.0,1.0,0.0001,71.06,High,True
DoS GoldenEye,DoS GoldenEye,1.0,0.996,0.0,71.06,High,True
DoS GoldenEye,DoS GoldenEye,1.0,0.9894,0.0,71.06,High,True
DoS GoldenEye,DoS GoldenEye,1.0,1.0,0.0001,71.06,High,True
DoS GoldenEye,DoS GoldenEye,1.0,1.0,0.0001,71.06,High,True
DoS GoldenEye,DoS GoldenEye,1.0,1.0,0.0,71.06,High,True
DoS GoldenEye,DoS GoldenEye,1.0,1.0,0.0001,71.06,High,True
DoS GoldenEye,DoS GoldenEye,1.0,1.0,0.0001,71.06,High,True
DoS GoldenEye,DoS GoldenEye,1.0,1.0,0.0001,71.06,High,True
DoS GoldenEye,DoS GoldenEye,1.0,0.9973,0.0,71.06,High,True
DoS GoldenEye,DoS GoldenEye,1.0,0.9971,0.0,71.06,High,True
DoS GoldenEye,DoS GoldenEye,1.0,0.9999,0.0,71.06,High,True
DoS GoldenEye,DoS GoldenEye,1.0,1.0,0.0001,71.06,High,True
DoS GoldenEye,DoS GoldenEye,1.0,0.9995,0.0,71.06,High,True
DoS GoldenEye,DoS GoldenEye,1.0,1.0,0.0001,71.06,High,True
DoS GoldenEye,DoS GoldenEye,1.0,1.0,0.0001,71.06,High,True
DoS GoldenEye,DoS GoldenEye,1.0,1.0,0.0001,71.06,High,True
DoS GoldenEye,DoS GoldenEye,1.0,0.9949,0.0,71.06,High,True
DoS GoldenEye,DoS GoldenEye,1.0,0.9949,0.0,71.06,High,True
DoS GoldenEye,DoS GoldenEye,1.0,1.0,0.0001,71.06,High,True
DoS GoldenEye,DoS GoldenEye,1.0,1.0,0.0002,71.06,High,True
DoS GoldenEye,DoS GoldenEye,1.0,1.0,0.0001,71.06,High,True
DoS GoldenEye,DoS GoldenEye,1.0,1.0,0.0,71.06,High,True
DoS GoldenEye,DoS GoldenEye,1.0,0.9999,0.0,71.06,High,True
DoS GoldenEye,DoS GoldenEye,1.0,0.9994,0.0,71.06,High,True
SSH-Patator,DoS GoldenEye,1.0,0.9933,0.0,71.06,High,True
DoS GoldenEye,DoS GoldenEye,1.0,1.0,0.0001,71.06,High,True
DoS GoldenEye,DoS GoldenEye,1.0,1.0,0.0001,71.06,High,True
DoS GoldenEye,DoS GoldenEye,1.0,0.9975,0.0,71.06,High,True
Web Attack - SQL Injection,DoS GoldenEye,1.0,0.9208,0.0,71.06,High,True
DoS GoldenEye,DoS GoldenEye,1.0,1.0,0.0,71.06,High,True
DoS GoldenEye,DoS GoldenEye,1.0,1.0,0.0001,71.06,High,True
DoS GoldenEye,DoS GoldenEye,1.0,1.0,0.0001,71.06,High,True
DoS GoldenEye,DoS GoldenEye,1.0,0.9996,0.0,71.06,High,True
DoS GoldenEye,DoS GoldenEye,1.0,1.0,0.0001,71.06,High,True
SSH-Patator,DoS GoldenEye,1.0,0.9921,0.0,71.06,High,True
DoS GoldenEye,DoS GoldenEye,1.0,0.9972,0.0,71.06,High,True
DoS GoldenEye,DoS GoldenEye,1.0,1.0,0.0001,71.06,High,True
DoS GoldenEye,DoS GoldenEye,1.0,1.0,0.0001,71.06,High,True
DoS GoldenEye,DoS GoldenEye,1.0,1.0,0.0001,71.06,High,True
Web Attack - SQL Injection,DoS GoldenEye,1.0,1.0,0.0001,71.06,High,True
DoS GoldenEye,DoS GoldenEye,1.0,1.0,0.0,71.06,High,True
DoS GoldenEye,DoS GoldenEye,1.0,1.0,0.0001,71.06,High,True
DoS GoldenEye,DoS GoldenEye,1.0,1.0,0.0001,71.06,High,True
DoS GoldenEye,DoS GoldenEye,1.0,1.0,0.0001,71.06,High,True
DoS GoldenEye,DoS GoldenEye,1.0,0.985,0.0,71.06,High,True
DoS GoldenEye,DoS GoldenEye,1.0,1.0,0.0001,71.06,High,True
DoS GoldenEye,DoS GoldenEye,1.0,1.0,0.0001,71.06,High,True
DoS GoldenEye,DoS GoldenEye,1.0,0.8714,0.0,71.06,High,True
DoS GoldenEye,DoS GoldenEye,1.0,0.9999,0.0002,71.06,High,True
FTP-Patator,DoS Hulk,1.0,1.0,0.0,71.06,High,True
FTP-Patator,DoS Hulk,1.0,1.0,0.0,71.06,High,True
SSH-Patator,DoS Hulk,1.0,0.9777,0.0,71.06,High,True
DoS Hulk,DoS Hulk,1.0,1.0,0.0,71.06,High,True
DoS Hulk,DoS Hulk,1.0,1.0,0.0,71.06,High,True
DoS Hulk,DoS Hulk,1.0,1.0,0.0,71.06,High,True
DoS Hulk,DoS Hulk,1.0,0.9999,0.0,71.06,High,True
PortScan,DoS Hulk,1.0,0.3394,0.0001,42.5,Medium,True
DoS Hulk,DoS Hulk,1.0,1.0,0.0,71.06,High,True
DoS Hulk,DoS Hulk,1.0,1.0,0.0,71.06,High,True
DoS Hulk,DoS Hulk,1.0,0.8962,0.0,71.06,High,True
DoS Hulk,DoS Hulk,1.0,1.0,0.0,71.06,High,True
DoS Hulk,DoS Hulk,1.0,1.0,0.0,71.06,High,True
DoS Hulk,DoS Hulk,1.0,1.0,0.0,71.06,High,True
DoS Hulk,DoS Hulk,1.0,1.0,0.0,71.06,High,True
DoS Hulk,DoS Hulk,1.0,1.0,0.0,71.06,High,True
SSH-Patator,DoS Hulk,1.0,0.9786,0.0,71.06,High,True
DDoS,DoS Hulk,1.0,1.0,0.001,71.06,High,True
DoS Hulk,DoS Hulk,1.0,0.535,0.0,42.5,Medium,True
DoS Hulk,DoS Hulk,1.0,0.9987,0.0,71.06,High,True
DDoS,DoS Hulk,1.0,0.9996,0.0036,71.06,High,True
FTP-Patator,DoS Hulk,1.0,1.0,0.0,71.06,High,True
DoS Hulk,DoS Hulk,1.0,1.0,0.0,71.06,High,True
DoS Hulk,DoS Hulk,1.0,1.0,0.0,71.06,High,True
FTP-Patator,DoS Hulk,1.0,1.0,0.0,71.06,High,True
DoS Hulk,DoS Hulk,1.0,0.9965,0.0,71.06,High,True
DoS Hulk,DoS Hulk,1.0,0.8099,0.0,71.06,High,True
DoS Hulk,DoS Hulk,1.0,1.0,0.0,71.06,High,True
DoS Hulk,DoS Hulk,1.0,0.9999,0.0,71.06,High,True
DoS Hulk,DoS Hulk,1.0,1.0,0.0,71.06,High,True
DoS Hulk,DoS Hulk,1.0,0.9991,0.0,71.06,High,True
FTP-Patator,DoS Hulk,1.0,1.0,0.0,71.06,High,True
DoS Hulk,DoS Hulk,1.0,0.9948,0.0,71.06,High,True
FTP-Patator,DoS Hulk,1.0,1.0,0.0,71.06,High,True
DoS Hulk,DoS Hulk,1.0,1.0,0.0,71.06,High,True
FTP-Patator,DoS Hulk,1.0,1.0,0.0,71.06,High,True
DoS Hulk,DoS Hulk,1.0,1.0,0.0,71.06,High,True
DoS Hulk,DoS Hulk,1.0,0.7503,0.0,71.06,High,True
SSH-Patator,DoS Hulk,1.0,0.9776,0.0,71.06,High,True
DDoS,DoS Hulk,1.0,0.9834,0.0,71.06,High,True
DoS Hulk,DoS Hulk,1.0,0.9847,0.0,71.06,High,True
DoS Hulk,DoS Hulk,1.0,1.0,0.0,71.06,High,True
FTP-Patator,DoS Hulk,1.0,1.0,0.0,71.06,High,True
DoS Hulk,DoS Hulk,1.0,1.0,0.0,71.06,High,True
DDoS,DoS Hulk,1.0,0.9971,0.005,71.06,High,True
DoS Hulk,DoS Hulk,1.0,1.0,0.0,71.06,High,True
DoS Hulk,DoS Hulk,1.0,1.0,0.0,71.06,High,True
FTP-Patator,DoS Hulk,1.0,1.0,0.0,71.06,High,True
DoS Hulk,DoS Hulk,1.0,1.0,0.0,71.06,High,True
Bot,DoS Hulk,1.0,0.7252,0.0,70.96,High,True
DoS Hulk,DoS Hulk,1.0,1.0,0.0,71.06,High,True
DDoS,DoS Hulk,1.0,0.9999,0.0307,71.06,High,True
FTP-Patator,DoS Hulk,1.0,1.0,0.0,71.06,High,True
DDoS,DoS Hulk,1.0,0.9962,0.0066,71.06,High,True
DDoS,DoS Hulk,1.0,1.0,0.0,71.06,High,True
FTP-Patator,DoS Hulk,1.0,1.0,0.0,71.06,High,True
DDoS,DoS Hulk,1.0,0.9981,0.0116,71.06,High,True
DoS Hulk,DoS Hulk,1.0,1.0,0.0,71.06,High,True
DoS Hulk,DoS Hulk,1.0,0.5389,0.0,42.5,Medium,True
FTP-Patator,DoS Hulk,1.0,1.0,0.0,71.06,High,True
DoS Hulk,DoS Hulk,1.0,0.7125,0.0,70.9,High,True
DoS Hulk,DoS Hulk,1.0,1.0,0.0,71.06,High,True
DoS Hulk,DoS Hulk,1.0,0.9945,0.0,71.06,High,True
DDoS,DoS Hulk,1.0,0.9999,0.0028,71.06,High,True
DoS Hulk,DoS Hulk,1.0,0.9978,0.0,71.06,High,True
FTP-Patator,DoS Hulk,1.0,1.0,0.0,71.06,High,True
FTP-Patator,DoS Hulk,1.0,1.0,0.0,71.06,High,True
DoS Hulk,DoS Hulk,1.0,1.0,0.0,71.06,High,True
SSH-Patator,DoS Hulk,1.0,0.8366,0.0001,71.06,High,True
FTP-Patator,DoS Hulk,1.0,1.0,0.0,71.06,High,True
DoS Hulk,DoS Hulk,1.0,0.9999,0.0,71.06,High,True
DoS Hulk,DoS Hulk,1.0,0.9316,0.0,71.06,High,True
DoS Hulk,DoS Hulk,1.0,1.0,0.0,71.06,High,True
FTP-Patator,DoS Hulk,1.0,1.0,0.0,71.06,High,True
SSH-Patator,DoS Hulk,1.0,0.9767,0.0001,71.06,High,True
DoS Hulk,DoS Hulk,1.0,1.0,0.0,71.06,High,True
DoS Hulk,DoS Hulk,1.0,0.9999,0.0,71.06,High,True
DDoS,DoS Hulk,1.0,0.9981,0.001,71.06,High,True
DoS Hulk,DoS Hulk,1.0,1.0,0.0,71.06,High,True
FTP-Patator,DoS Hulk,1.0,1.0,0.0,71.06,High,True
DoS Hulk,DoS Hulk,1.0,0.9998,0.0,71.06,High,True
DoS Hulk,DoS Hulk,1.0,1.0,0.0,71.06,High,True
SSH-Patator,DoS Hulk,1.0,0.9787,0.0001,71.06,High,True
DDoS,DoS Hulk,1.0,0.997,0.0063,71.06,High,True
FTP-Patator,DoS Hulk,1.0,1.0,0.0,71.06,High,True
DoS slowloris,DoS Hulk,1.0,0.9981,0.0,71.06,High,True
DoS Hulk,DoS Hulk,1.0,0.9916,0.0,71.06,High,True
DoS Hulk,DoS Hulk,1.0,0.9974,0.0,71.06,High,True
FTP-Patator,DoS Hulk,1.0,1.0,0.0,71.06,High,True
DoS Hulk,DoS Hulk,1.0,0.9996,0.0,71.06,High,True
DoS Hulk,DoS Hulk,1.0,1.0,0.0,71.06,High,True
SSH-Patator,DoS Hulk,1.0,0.977,0.0,71.06,High,True
FTP-Patator,DoS Hulk,1.0,1.0,0.0,71.06,High,True
FTP-Patator,DoS Hulk,1.0,1.0,0.0,71.06,High,True
DoS Hulk,DoS Hulk,1.0,0.9976,0.0,71.06,High,True
DDoS,DoS Hulk,1.0,0.9997,0.0065,71.06,High,True
DoS Hulk,DoS Hulk,1.0,1.0,0.0,71.06,High,True
DDoS,DoS Hulk,1.0,0.7639,0.0,71.06,High,True
DoS Hulk,DoS Hulk,1.0,0.9944,0.0,71.06,High,True
FTP-Patator,DoS Hulk,1.0,1.0,0.0,71.06,High,True
DoS Hulk,DoS Hulk,1.0,1.0,0.0,71.06,High,True
SSH-Patator,DoS Hulk,1.0,0.9769,0.0,71.06,High,True
DoS Hulk,DoS Hulk,1.0,1.0,0.0,71.06,High,True
DoS Hulk,DoS Hulk,1.0,1.0,0.0,71.06,High,True
DoS Hulk,DoS Hulk,1.0,0.9979,0.0,71.06,High,True
FTP-Patator,DoS Hulk,1.0,1.0,0.0,71.06,High,True
DoS Hulk,DoS Hulk,1.0,0.9996,0.0,71.06,High,True
DoS Hulk,DoS Hulk,1.0,0.9999,0.0,71.06,High,True
DoS Hulk,DoS Hulk,1.0,0.9891,0.0,71.06,High,True
SSH-Patator,DoS Hulk,1.0,0.972,0.0002,71.06,High,True
DoS Hulk,DoS Hulk,1.0,0.3693,0.0,42.5,Medium,True
FTP-Patator,DoS Hulk,1.0,1.0,0.0,71.06,High,True
DoS Hulk,DoS Hulk,1.0,1.0,0.0,71.06,High,True
DoS Hulk,DoS Hulk,1.0,0.9998,0.0,71.06,High,True
DoS Hulk,DoS Hulk,1.0,1.0,0.0,71.06,High,True
SSH-Patator,DoS Hulk,1.0,0.9768,0.0,71.06,High,True
DoS Hulk,DoS Hulk,1.0,1.0,0.0,71.06,High,True
SSH-Patator,DoS Hulk,1.0,0.9804,0.0,71.06,High,True
FTP-Patator,DoS Hulk,1.0,1.0,0.0,71.06,High,True
DoS slowloris,DoS Hulk,1.0,0.9608,0.0,71.06,High,True
DoS Hulk,DoS Hulk,1.0,1.0,0.0,71.06,High,True
DoS Hulk,DoS Hulk,1.0,0.9997,0.0,71.06,High,True
FTP-Patator,DoS Hulk,1.0,1.0,0.0,71.06,High,True
DoS Hulk,DoS Hulk,1.0,1.0,0.0,71.06,High,True
DoS Hulk,DoS Hulk,1.0,1.0,0.0,71.06,High,True
SSH-Patator,DoS Hulk,1.0,0.9786,0.0,71.06,High,True
DoS Hulk,DoS Hulk,1.0,1.0,0.0,71.06,High,True
SSH-Patator,DoS Hulk,1.0,0.9788,0.0,71.06,High,True
FTP-Patator,DoS Hulk,1.0,1.0,0.0,71.06,High,True
FTP-Patator,DoS Hulk,1.0,1.0,0.0,71.06,High,True
DoS Hulk,DoS Hulk,1.0,1.0,0.0,71.06,High,True
SSH-Patator,DoS Hulk,1.0,0.9777,0.0,71.06,High,True
DoS Hulk,DoS Hulk,1.0,1.0,0.0,71.06,High,True
DoS slowloris,DoS Slowhttptest,1.0,0.9995,0.0,71.06,High,True
Web Attack - Brute Force,DoS Slowhttptest,1.0,1.0,0.0,71.06,High,True
DoS Slowhttptest,DoS Slowhttptest,1.0,1.0,1.0,92.22,Critical,True
DoS slowloris,DoS Slowhttptest,1.0,0.9995,0.0,71.06,High,True
DoS Slowhttptest,DoS Slowhttptest,1.0,0.9713,0.0,71.06,High,True
BENIGN,DoS Slowhttptest,0.0379,0.9242,1.0,71.06,High,True
DoS Slowhttptest,DoS Slowhttptest,1.0,1.0,1.0,92.22,Critical,True
DoS slowloris,DoS Slowhttptest,1.0,0.9995,0.0,71.06,High,True
DoS GoldenEye,DoS Slowhttptest,1.0,0.9968,0.0,71.06,High,True
DoS Slowhttptest,DoS Slowhttptest,1.0,0.9808,0.0,71.06,High,True
DoS slowloris,DoS Slowhttptest,1.0,0.9995,0.0,71.06,High,True
DoS Slowhttptest,DoS Slowhttptest,1.0,0.9802,0.0,71.06,High,True
DoS slowloris,DoS Slowhttptest,1.0,0.9995,0.0,71.06,High,True
DoS GoldenEye,DoS Slowhttptest,1.0,0.9968,0.0,71.06,High,True
DoS slowloris,DoS Slowhttptest,1.0,0.9995,0.0,71.06,High,True
DoS slowloris,DoS Slowhttptest,1.0,0.9995,0.0,71.06,High,True
DoS slowloris,DoS Slowhttptest,1.0,0.9995,0.0,71.06,High,True
DoS Slowhttptest,DoS Slowhttptest,1.0,0.9768,0.0,71.06,High,True
DoS GoldenEye,DoS Slowhttptest,1.0,0.9968,0.0,71.06,High,True
DoS Slowhttptest,DoS Slowhttptest,1.0,1.0,1.0,92.22,Critical,True
DoS Slowhttptest,DoS Slowhttptest,1.0,0.9239,0.0,71.06,High,True
DoS Slowhttptest,DoS Slowhttptest,1.0,0.9719,0.0,71.06,High,True
DoS GoldenEye,DoS Slowhttptest,1.0,0.9968,0.0,71.06,High,True
DoS slowloris,DoS Slowhttptest,1.0,0.9995,0.0,71.06,High,True
DoS Slowhttptest,DoS Slowhttptest,1.0,1.0,1.0,92.22,Critical,True
DoS slowloris,DoS Slowhttptest,1.0,0.9995,0.0,71.06,High,True
DoS slowloris,DoS Slowhttptest,1.0,0.9995,0.0,71.06,High,True
DoS Slowhttptest,DoS Slowhttptest,1.0,0.975,0.0,71.06,High,True
Web Attack - Brute Force,DoS Slowhttptest,1.0,1.0,0.0,71.06,High,True
DoS slowloris,DoS Slowhttptest,1.0,0.9995,0.0,71.06,High,True
BENIGN,DoS Slowhttptest,0.445,0.1213,0.808,42.5,Medium,True
Bot,DoS Slowhttptest,1.0,0.9993,0.0182,71.06,High,True
DoS slowloris,DoS Slowhttptest,1.0,0.1508,0.0,42.5,Medium,True
DoS slowloris,DoS Slowhttptest,1.0,0.9995,0.0,71.06,High,True
DoS slowloris,DoS Slowhttptest,1.0,0.9995,0.0,71.06,High,True
DoS slowloris,DoS Slowhttptest,1.0,0.9995,0.0,71.06,High,True
DoS slowloris,DoS Slowhttptest,1.0,0.9999,0.0,71.06,High,True
DoS slowloris,DoS Slowhttptest,1.0,0.9995,0.0,71.06,High,True
DoS slowloris,DoS Slowhttptest,1.0,0.9995,0.0,71.06,High,True
DoS slowloris,DoS Slowhttptest,1.0,0.9995,0.0,71.06,High,True
DoS slowloris,DoS Slowhttptest,1.0,0.9995,0.0,71.06,High,True
BENIGN,DoS Slowhttptest,0.0388,0.9224,1.0,71.06,High,True
DoS slowloris,DoS Slowhttptest,1.0,0.9995,0.0,71.06,High,True
DoS Slowhttptest,DoS Slowhttptest,1.0,0.9727,0.0,71.06,High,True
DoS slowloris,DoS Slowhttptest,1.0,0.9995,0.0,71.06,High,True
DoS slowloris,DoS Slowhttptest,1.0,0.9995,0.0,71.06,High,True
DoS Slowhttptest,DoS Slowhttptest,1.0,1.0,1.0,92.22,Critical,True
DoS slowloris,DoS Slowhttptest,1.0,0.9995,0.0,71.06,High,True
DoS slowloris,DoS Slowhttptest,1.0,0.9995,0.0,71.06,High,True
DoS slowloris,DoS Slowhttptest,1.0,0.9995,0.0,71.06,High,True
DoS slowloris,DoS Slowhttptest,1.0,0.9995,0.0,71.06,High,True
DoS slowloris,DoS Slowhttptest,1.0,0.9995,0.0,71.06,High,True
DoS slowloris,DoS Slowhttptest,1.0,0.9995,0.0,71.06,High,True
DoS Slowhttptest,DoS Slowhttptest,1.0,0.9604,0.0,71.06,High,True
DoS slowloris,DoS Slowhttptest,1.0,0.9995,0.0,71.06,High,True
DoS GoldenEye,DoS Slowhttptest,1.0,0.9879,0.0,71.06,High,True
DoS GoldenEye,DoS Slowhttptest,1.0,0.9879,0.0,71.06,High,True
DoS slowloris,DoS Slowhttptest,1.0,0.9995,0.0,71.06,High,True
DoS slowloris,DoS Slowhttptest,1.0,0.9995,0.0,71.06,High,True
DoS GoldenEye,DoS Slowhttptest,1.0,0.9877,0.0,71.06,High,True
DoS Slowhttptest,DoS Slowhttptest,1.0,0.1987,0.0,42.5,Medium,True
DoS Slowhttptest,DoS Slowhttptest,1.0,0.4878,0.0,42.5,Medium,True
Bot,DoS Slowhttptest,1.0,1.0,0.4023,80.34,High,True
DoS Slowhttptest,DoS Slowhttptest,1.0,0.9747,0.0,71.06,High,True
DoS slowloris,DoS Slowhttptest,1.0,0.9995,0.0,71.06,High,True
DoS GoldenEye,DoS Slowhttptest,1.0,0.9968,0.0,71.06,High,True
DoS GoldenEye,DoS Slowhttptest,1.0,0.9879,0.0,71.06,High,True
DoS slowloris,DoS Slowhttptest,1.0,0.9995,0.0,71.06,High,True
PortScan,DoS Slowhttptest,1.0,1.0,0.0,71.06,High,True
DoS slowloris,DoS Slowhttptest,1.0,0.9995,0.0,71.06,High,True
DoS slowloris,DoS Slowhttptest,1.0,0.8095,0.0,71.06,High,True
DoS Slowhttptest,DoS Slowhttptest,1.0,0.9797,0.0,71.06,High,True
DoS slowloris,DoS Slowhttptest,1.0,0.1574,0.0,42.5,Medium,True
DoS Slowhttptest,DoS Slowhttptest,1.0,0.8543,0.0,71.06,High,True
Bot,DoS Slowhttptest,1.0,0.9994,0.0412,71.06,High,True
DoS Slowhttptest,DoS Slowhttptest,1.0,0.9802,0.0,71.06,High,True
DoS slowloris,DoS Slowhttptest,1.0,0.9999,0.0,71.06,High,True
DoS Slowhttptest,DoS Slowhttptest,1.0,0.9729,0.0,71.06,High,True
DoS slowloris,DoS Slowhttptest,1.0,0.9995,0.0,71.06,High,True
DoS slowloris,DoS Slowhttptest,1.0,0.9995,0.0,71.06,High,True
DoS slowloris,DoS Slowhttptest,1.0,0.9995,0.0,71.06,High,True
DoS GoldenEye,DoS Slowhttptest,1.0,0.9878,0.0,71.06,High,True
DoS slowloris,DoS Slowhttptest,1.0,0.9995,0.0,71.06,High,True
DoS GoldenEye,DoS Slowhttptest,1.0,0.9878,0.0,71.06,High,True
PortScan,DoS Slowhttptest,1.0,1.0,0.0,71.06,High,True
DoS GoldenEye,DoS Slowhttptest,1.0,0.9878,0.0,71.06,High,True
DoS slowloris,DoS Slowhttptest,1.0,0.9995,0.0,71.06,High,True
DoS GoldenEye,DoS Slowhttptest,1.0,0.9878,0.0,71.06,High,True
DoS slowloris,DoS Slowhttptest,0.9973,0.9185,0.0,71.06,High,True
DoS slowloris,DoS Slowhttptest,1.0,0.9995,0.0,71.06,High,True
DoS Slowhttptest,DoS Slowhttptest,1.0,0.9811,0.0,71.06,High,True
DoS slowloris,DoS Slowhttptest,1.0,0.9995,0.0,71.06,High,True
DoS slowloris,DoS Slowhttptest,1.0,0.9995,0.0,71.06,High,True
DoS slowloris,DoS Slowhttptest,1.0,0.9995,0.0,71.06,High,True
DoS slowloris,DoS Slowhttptest,1.0,0.9995,0.0,71.06,High,True
DoS slowloris,DoS Slowhttptest,1.0,0.9995,0.0,71.06,High,True
Bot,DoS Slowhttptest,1.0,0.9997,0.0008,71.06,High,True
DoS Slowhttptest,DoS Slowhttptest,1.0,0.9822,0.0,71.06,High,True
DoS slowloris,DoS Slowhttptest,1.0,0.9995,0.0,71.06,High,True
DoS slowloris,DoS Slowhttptest,1.0,0.9995,0.0,71.06,High,True
DoS Slowhttptest,DoS Slowhttptest,1.0,0.9654,0.0,71.06,High,True
DoS slowloris,DoS Slowhttptest,1.0,0.9995,0.0,71.06,High,True
DoS slowloris,DoS Slowhttptest,1.0,0.9995,0.0,71.06,High,True
DoS slowloris,DoS Slowhttptest,1.0,0.9995,0.0,71.06,High,True
DoS slowloris,DoS Slowhttptest,1.0,0.9995,0.0,71.06,High,True
Bot,DoS Slowhttptest,1.0,0.9997,0.0027,71.06,High,True
DoS slowloris,DoS Slowhttptest,1.0,0.9995,0.0,71.06,High,True
DoS GoldenEye,DoS Slowhttptest,1.0,0.9879,0.0,71.06,High,True
DoS slowloris,DoS Slowhttptest,1.0,0.9995,0.0,71.06,High,True
DoS slowloris,DoS Slowhttptest,1.0,0.9995,0.0,71.06,High,True
BENIGN,DoS Slowhttptest,0.493,0.0453,0.0,13.29,Low,True
DoS slowloris,DoS Slowhttptest,1.0,0.9995,0.0,71.06,High,True
Bot,DoS Slowhttptest,1.0,1.0,0.3003,70.86,High,True
DoS slowloris,DoS Slowhttptest,1.0,0.9995,0.0,71.06,High,True
DoS slowloris,DoS Slowhttptest,1.0,0.9999,0.0,71.06,High,True
DoS slowloris,DoS Slowhttptest,1.0,0.9995,0.0,71.06,High,True
DoS slowloris,DoS Slowhttptest,1.0,0.9999,0.0,71.06,High,True
DoS slowloris,DoS Slowhttptest,1.0,0.9995,0.0,71.06,High,True
DoS slowloris,DoS Slowhttptest,1.0,0.9995,0.0,71.06,High,True
DoS Slowhttptest,DoS Slowhttptest,1.0,0.9821,0.0,71.06,High,True
DoS slowloris,DoS Slowhttptest,1.0,0.0786,0.0,42.5,Medium,True
DoS slowloris,DoS Slowhttptest,1.0,0.9995,0.0,71.06,High,True
DoS slowloris,DoS Slowhttptest,1.0,0.9995,0.0,71.06,High,True
PortScan,DoS Slowhttptest,1.0,1.0,0.0,71.06,High,True
DoS slowloris,DoS Slowhttptest,1.0,0.9995,0.0,71.06,High,True
DoS slowloris,DoS Slowhttptest,1.0,0.9995,0.0,71.06,High,True
DoS slowloris,DoS Slowhttptest,1.0,0.9995,0.0,71.06,High,True
PortScan,DoS Slowhttptest,1.0,1.0,0.0,71.06,High,True
DoS slowloris,DoS Slowhttptest,1.0,0.9995,0.0,71.06,High,True
DoS slowloris,DoS Slowhttptest,1.0,0.9995,0.0,71.06,High,True
DoS Slowhttptest,DoS Slowhttptest,1.0,0.973,0.0,71.06,High,True
DoS slowloris,DoS Slowhttptest,1.0,0.9995,0.0,71.06,High,True
DoS slowloris,DoS Slowhttptest,1.0,0.9995,0.0,71.06,High,True
DoS slowloris,DoS slowloris,1.0,1.0,0.0,71.06,High,True
DoS slowloris,DoS slowloris,1.0,0.3307,0.0,42.5,Medium,True
DoS GoldenEye,DoS slowloris,1.0,0.9982,0.0,71.06,High,True
DoS slowloris,DoS slowloris,1.0,0.9974,0.0,71.06,High,True
DoS GoldenEye,DoS slowloris,1.0,0.9982,0.0,71.06,High,True
PortScan,DoS slowloris,1.0,0.9892,0.008,71.06,High,True
DoS GoldenEye,DoS slowloris,1.0,0.9982,0.0,71.06,High,True
FTP-Patator,DoS slowloris,1.0,0.9948,0.013,71.06,High,True
DoS slowloris,DoS slowloris,1.0,0.9999,0.0,71.06,High,True
DoS slowloris,DoS slowloris,1.0,0.9999,0.0,71.06,High,True
DoS GoldenEye,DoS slowloris,1.0,0.9982,0.0,71.06,High,True
DoS GoldenEye,DoS slowloris,1.0,0.9982,0.0,71.06,High,True
DoS slowloris,DoS slowloris,1.0,1.0,0.0,71.06,High,True
DoS Slowhttptest,DoS slowloris,1.0,0.2258,0.0,42.5,Medium,True
DoS slowloris,DoS slowloris,1.0,1.0,0.0,71.06,High,True
DoS slowloris,DoS slowloris,1.0,0.9999,0.0,71.06,High,True
DoS GoldenEye,DoS slowloris,1.0,0.9982,0.0,71.06,High,True
PortScan,DoS slowloris,1.0,0.5156,0.1405,42.5,Medium,True
DoS slowloris,DoS slowloris,1.0,0.9999,0.0,71.06,High,True
DoS slowloris,DoS slowloris,1.0,1.0,0.0,71.06,High,True
DoS GoldenEye,DoS slowloris,1.0,0.9982,0.0,71.06,High,True
DoS GoldenEye,DoS slowloris,1.0,0.9982,0.0,71.06,High,True
DoS slowloris,DoS slowloris,1.0,0.9999,0.0,71.06,High,True
SSH-Patator,DoS slowloris,1.0,0.9999,0.0,71.06,High,True
DoS slowloris,DoS slowloris,1.0,0.9999,0.0,71.06,High,True
DoS GoldenEye,DoS slowloris,1.0,0.9982,0.0,71.06,High,True
DoS slowloris,DoS slowloris,1.0,0.9999,0.0,71.06,High,True
FTP-Patator,DoS slowloris,1.0,0.9948,0.013,71.06,High,True
DoS slowloris,DoS slowloris,1.0,0.9999,0.0,71.06,High,True
DoS GoldenEye,DoS slowloris,1.0,0.9982,0.0,71.06,High,True
DoS slowloris,DoS slowloris,1.0,0.9999,0.0,71.06,High,True
DoS GoldenEye,DoS slowloris,1.0,0.9982,0.0,71.06,High,True
DoS slowloris,DoS slowloris,1.0,1.0,0.0,71.06,High,True
DoS slowloris,DoS slowloris,1.0,0.2081,0.0,42.5,Medium,True
DoS slowloris,DoS slowloris,1.0,1.0,0.0,71.06,High,True
DoS slowloris,DoS slowloris,1.0,1.0,0.0,71.06,High,True
DoS slowloris,DoS slowloris,1.0,1.0,0.0,71.06,High,True
DoS GoldenEye,DoS slowloris,1.0,0.9982,0.0,71.06,High,True
DoS slowloris,DoS slowloris,1.0,0.9999,0.0,71.06,High,True
DoS slowloris,DoS slowloris,1.0,1.0,0.0,71.06,High,True
DoS GoldenEye,DoS slowloris,1.0,0.9982,0.0,71.06,High,True
DoS slowloris,DoS slowloris,1.0,0.9999,0.0,71.06,High,True
DoS slowloris,DoS slowloris,1.0,1.0,0.0,71.06,High,True
DoS slowloris,DoS slowloris,1.0,0.9999,0.0,71.06,High,True
DoS slowloris,DoS slowloris,1.0,0.9999,0.0,71.06,High,True
FTP-Patator,DoS slowloris,1.0,0.9951,0.0116,71.06,High,True
DoS GoldenEye,DoS slowloris,1.0,0.9982,0.0,71.06,High,True
DoS slowloris,DoS slowloris,1.0,0.8023,0.0,71.06,High,True
DoS slowloris,DoS slowloris,1.0,1.0,0.0,71.06,High,True
DoS slowloris,DoS slowloris,1.0,1.0,0.0,71.06,High,True
DoS GoldenEye,DoS slowloris,1.0,0.9982,0.0,71.06,High,True
DoS Slowhttptest,DoS slowloris,1.0,0.9478,0.0,71.06,High,True
SSH-Patator,DoS slowloris,1.0,0.9999,0.0,71.06,High,True
DoS slowloris,DoS slowloris,1.0,0.9999,0.0,71.06,High,True
DoS GoldenEye,DoS slowloris,1.0,0.9982,0.0,71.06,High,True
DoS slowloris,DoS slowloris,1.0,1.0,0.0,71.06,High,True
DoS GoldenEye,DoS slowloris,1.0,0.9982,0.0,71.06,High,True
DoS GoldenEye,DoS slowloris,1.0,0.9982,0.0,71.06,High,True
DoS slowloris,DoS slowloris,1.0,1.0,0.0,71.06,High,True
DoS GoldenEye,DoS slowloris,1.0,0.9982,0.0,71.06,High,True
DoS slowloris,DoS slowloris,1.0,0.9978,0.0,71.06,High,True
Bot,DoS slowloris,1.0,1.0,0.3243,72.17,High,True
SSH-Patator,DoS slowloris,1.0,0.9999,0.0,71.06,High,True
DoS slowloris,DoS slowloris,1.0,0.9999,0.0,71.06,High,True
DoS slowloris,DoS slowloris,1.0,0.9997,0.0,71.06,High,True
DoS GoldenEye,DoS slowloris,1.0,0.9982,0.0,71.06,High,True
DoS slowloris,DoS slowloris,0.9985,0.905,0.0,71.06,High,True
DoS slowloris,DoS slowloris,1.0,0.9999,0.0,71.06,High,True
FTP-Patator,DoS slowloris,1.0,0.9959,0.0066,71.06,High,True
DoS GoldenEye,DoS slowloris,1.0,0.9982,0.0,71.06,High,True
FTP-Patator,DoS slowloris,1.0,0.9953,0.0105,71.06,High,True
DoS slowloris,DoS slowloris,1.0,0.9999,0.0,71.06,High,True
DoS Slowhttptest,DoS slowloris,1.0,0.9571,0.0,71.06,High,True
DoS GoldenEye,DoS slowloris,1.0,0.9982,0.0,71.06,High,True
DoS slowloris,DoS slowloris,1.0,0.9999,0.0,71.06,High,True
DoS GoldenEye,DoS slowloris,1.0,0.9882,0.0,71.06,High,True
DoS slowloris,DoS slowloris,1.0,0.9999,0.0,71.06,High,True
DoS slowloris,DoS slowloris,1.0,0.9999,0.0,71.06,High,True
DoS GoldenEye,DoS slowloris,1.0,0.9982,0.0,71.06,High,True
DoS slowloris,DoS slowloris,1.0,0.9999,0.0,71.06,High,True
DoS slowloris,DoS slowloris,1.0,1.0,0.0,71.06,High,True
DoS slowloris,DoS slowloris,1.0,0.9999,0.0,71.06,High,True
DoS slowloris,DoS slowloris,1.0,0.9999,0.0,71.06,High,True
DoS slowloris,DoS slowloris,1.0,0.9978,0.0,71.06,High,True
DoS GoldenEye,DoS slowloris,1.0,0.8803,0.0,71.06,High,True
DoS slowloris,DoS slowloris,1.0,1.0,0.0,71.06,High,True
DoS slowloris,DoS slowloris,1.0,1.0,0.0,71.06,High,True
DoS GoldenEye,DoS slowloris,1.0,0.9982,0.0,71.06,High,True
DoS slowloris,DoS slowloris,1.0,0.9999,0.0,71.06,High,True
DoS slowloris,DoS slowloris,1.0,0.9999,0.0,71.06,High,True
DoS GoldenEye,DoS slowloris,1.0,0.9982,0.0,71.06,High,True
DoS Slowhttptest,DoS slowloris,1.0,0.7507,0.0,71.06,High,True
DoS slowloris,DoS slowloris,1.0,0.9999,0.0,71.06,High,True
DoS GoldenEye,DoS slowloris,1.0,0.9982,0.0,71.06,High,True
DoS slowloris,DoS slowloris,1.0,0.5514,0.0,42.74,Medium,True
DoS slowloris,DoS slowloris,1.0,1.0,0.0,71.06,High,True
DoS slowloris,DoS slowloris,1.0,0.9999,0.0,71.06,High,True
DoS GoldenEye,DoS slowloris,1.0,0.9982,0.0,71.06,High,True
DoS slowloris,DoS slowloris,1.0,0.9999,0.0,71.06,High,True
DoS GoldenEye,DoS slowloris,1.0,0.9982,0.0,71.06,High,True
DoS slowloris,DoS slowloris,1.0,0.2081,0.0,42.5,Medium,True
DoS GoldenEye,DoS slowloris,1.0,0.9982,0.0,71.06,High,True
PortScan,DoS slowloris,1.0,0.9891,0.0072,71.06,High,True
DoS slowloris,DoS slowloris,1.0,0.5833,0.0,48.17,Medium,True
DoS GoldenEye,DoS slowloris,1.0,0.9982,0.0,71.06,High,True
FTP-Patator,DoS slowloris,1.0,0.996,0.0058,71.06,High,True
DoS slowloris,DoS slowloris,1.0,0.9999,0.0,71.06,High,True
DoS slowloris,DoS slowloris,1.0,0.9999,0.0,71.06,High,True
DoS GoldenEye,DoS slowloris,1.0,0.9982,0.0,71.06,High,True
DoS slowloris,DoS slowloris,1.0,0.9999,0.0,71.06,High,True
DoS GoldenEye,DoS slowloris,1.0,0.9982,0.0,71.06,High,True
DoS slowloris,DoS slowloris,1.0,0.9999,0.0,71.06,High,True
DoS slowloris,DoS slowloris,1.0,0.9999,0.0,71.06,High,True
DoS slowloris,DoS slowloris,1.0,0.9999,0.0,71.06,High,True
DoS GoldenEye,DoS slowloris,1.0,0.9982,0.0,71.06,High,True
DoS GoldenEye,DoS slowloris,1.0,0.9982,0.0,71.06,High,True
DoS slowloris,DoS slowloris,1.0,0.9978,0.0,71.06,High,True
DoS GoldenEye,DoS slowloris,1.0,0.9982,0.0,71.06,High,True
FTP-Patator,DoS slowloris,1.0,0.996,0.0062,71.06,High,True
DoS GoldenEye,DoS slowloris,1.0,0.9982,0.0,71.06,High,True
DoS slowloris,DoS slowloris,1.0,0.9999,0.0,71.06,High,True
DoS GoldenEye,DoS slowloris,1.0,0.9982,0.0,71.06,High,True
DoS slowloris,DoS slowloris,1.0,1.0,0.0,71.06,High,True
DoS slowloris,DoS slowloris,1.0,1.0,0.0,71.06,High,True
DoS slowloris,DoS slowloris,1.0,0.9999,0.0,71.06,High,True
DoS slowloris,DoS slowloris,0.9938,0.9219,0.0,71.06,High,True
DoS slowloris,DoS slowloris,1.0,1.0,0.0,71.06,High,True
DoS GoldenEye,DoS slowloris,1.0,0.9982,0.0,71.06,High,True
DoS slowloris,DoS slowloris,1.0,0.9999,0.0,71.06,High,True
DoS slowloris,DoS slowloris,1.0,0.9999,0.0,71.06,High,True
DoS slowloris,DoS slowloris,1.0,1.0,0.0,71.06,High,True
DoS slowloris,DoS slowloris,1.0,1.0,0.0,71.06,High,True
DoS slowloris,DoS slowloris,1.0,0.9999,0.0,71.06,High,True
FTP-Patator,FTP-Patator,1.0,0.5787,0.0,47.38,Medium,True
FTP-Patator,FTP-Patator,1.0,0.7924,0.0,71.06,High,True
FTP-Patator,FTP-Patator,1.0,0.8983,0.0,71.06,High,True
FTP-Patator,FTP-Patator,1.0,0.9963,0.005,71.06,High,True
FTP-Patator,FTP-Patator,1.0,0.7613,0.0,71.06,High,True
FTP-Patator,FTP-Patator,1.0,1.0,1.0,92.22,Critical,True
FTP-Patator,FTP-Patator,1.0,0.9352,0.0,71.06,High,True
FTP-Patator,FTP-Patator,1.0,0.8536,0.0,71.06,High,True
FTP-Patator,FTP-Patator,1.0,0.9964,0.0047,71.06,High,True
FTP-Patator,FTP-Patator,1.0,0.9964,0.0037,71.06,High,True
FTP-Patator,FTP-Patator,1.0,0.9664,0.0,71.06,High,True
FTP-Patator,FTP-Patator,1.0,1.0,0.3784,76.81,High,True
FTP-Patator,FTP-Patator,1.0,0.9394,0.0,71.06,High,True
FTP-Patator,FTP-Patator,1.0,0.9631,0.0,71.06,High,True
FTP-Patator,FTP-Patator,1.0,0.9963,0.0052,71.06,High,True
FTP-Patator,FTP-Patator,1.0,0.9669,0.0,71.06,High,True
FTP-Patator,FTP-Patator,1.0,0.6867,0.0,67.78,High,True
FTP-Patator,FTP-Patator,1.0,0.974,0.0,71.06,High,True
FTP-Patator,FTP-Patator,1.0,0.9964,0.004,71.06,High,True
FTP-Patator,FTP-Patator,1.0,0.8036,0.0,71.06,High,True
FTP-Patator,FTP-Patator,1.0,0.8194,0.0,71.06,High,True
FTP-Patator,FTP-Patator,1.0,0.9817,0.0,71.06,High,True
FTP-Patator,FTP-Patator,1.0,0.8982,0.0,71.06,High,True
FTP-Patator,FTP-Patator,1.0,0.8481,0.0,71.06,High,True
FTP-Patator,FTP-Patator,1.0,0.9437,0.0,71.06,High,True
FTP-Patator,FTP-Patator,1.0,0.9466,0.0,71.06,High,True
FTP-Patator,FTP-Patator,1.0,0.9828,0.0,71.06,High,True
FTP-Patator,FTP-Patator,1.0,0.9963,0.0048,71.06,High,True
FTP-Patator,FTP-Patator,1.0,0.9963,0.0054,71.06,High,True
FTP-Patator,FTP-Patator,1.0,0.4419,0.0,42.5,Medium,True
FTP-Patator,FTP-Patator,1.0,0.9964,0.0045,71.06,High,True
FTP-Patator,FTP-Patator,1.0,0.9963,0.005,71.06,High,True
FTP-Patator,FTP-Patator,1.0,0.9874,0.0,71.06,High,True
FTP-Patator,FTP-Patator,1.0,0.9963,0.0051,71.06,High,True
FTP-Patator,FTP-Patator,1.0,1.0,0.3784,76.81,High,True
FTP-Patator,FTP-Patator,1.0,0.7773,0.0,71.06,High,True
FTP-Patator,FTP-Patator,1.0,0.9963,0.0052,71.06,High,True
FTP-Patator,FTP-Patator,1.0,1.0,0.3784,76.81,High,True
FTP-Patator,FTP-Patator,1.0,0.9962,0.0236,71.06,High,True
FTP-Patator,FTP-Patator,1.0,0.9964,0.0047,71.06,High,True
FTP-Patator,FTP-Patator,1.0,0.9598,0.0,71.06,High,True
FTP-Patator,FTP-Patator,1.0,0.9235,0.0,71.06,High,True
FTP-Patator,FTP-Patator,1.0,0.9714,0.0,71.06,High,True
FTP-Patator,FTP-Patator,1.0,0.959,0.0,71.06,High,True
FTP-Patator,FTP-Patator,1.0,0.8927,0.0,71.06,High,True
FTP-Patator,FTP-Patator,1.0,0.8995,0.0,71.06,High,True
FTP-Patator,FTP-Patator,1.0,0.9964,0.0044,71.06,High,True
FTP-Patator,FTP-Patator,1.0,0.9851,0.0,71.06,High,True
FTP-Patator,FTP-Patator,1.0,0.9671,0.0,71.06,High,True
FTP-Patator,FTP-Patator,1.0,0.9964,0.0046,71.06,High,True
FTP-Patator,FTP-Patator,1.0,0.725,0.0,70.96,High,True
FTP-Patator,FTP-Patator,1.0,0.9638,0.0,71.06,High,True
FTP-Patator,FTP-Patator,1.0,0.9963,0.0052,71.06,High,True
FTP-Patator,FTP-Patator,1.0,0.9964,0.0045,71.06,High,True
FTP-Patator,FTP-Patator,1.0,0.9964,0.0044,71.06,High,True
FTP-Patator,FTP-Patator,1.0,0.942,0.0,71.06,High,True
FTP-Patator,FTP-Patator,1.0,0.9962,0.0236,71.06,High,True
FTP-Patator,FTP-Patator,1.0,0.8934,0.0,71.06,High,True
FTP-Patator,FTP-Patator,1.0,0.9963,0.005,71.06,High,True
FTP-Patator,FTP-Patator,1.0,0.9293,0.0,71.06,High,True
FTP-Patator,FTP-Patator,1.0,0.9964,0.0044,71.06,High,True
FTP-Patator,FTP-Patator,1.0,1.0,0.3784,76.81,High,True
FTP-Patator,FTP-Patator,1.0,0.9963,0.0054,71.06,High,True
FTP-Patator,FTP-Patator,1.0,0.9963,0.0056,71.06,High,True
FTP-Patator,FTP-Patator,1.0,0.9746,0.0,71.06,High,True
FTP-Patator,FTP-Patator,1.0,0.8269,0.0,71.06,High,True
FTP-Patator,FTP-Patator,1.0,0.9317,0.0,71.06,High,True
FTP-Patator,FTP-Patator,1.0,1.0,0.1419,71.06,High,True
FTP-Patator,FTP-Patator,1.0,0.9499,0.0,71.06,High,True
FTP-Patator,FTP-Patator,1.0,0.8238,0.0,71.06,High,True
FTP-Patator,FTP-Patator,1.0,0.9963,0.0053,71.06,High,True
FTP-Patator,FTP-Patator,1.0,0.8352,0.0,71.06,High,True
FTP-Patator,FTP-Patator,1.0,1.0,0.3784,76.81,High,True
FTP-Patator,FTP-Patator,1.0,0.9964,0.0044,71.06,High,True
FTP-Patator,FTP-Patator,1.0,0.8723,0.0,71.06,High,True
FTP-Patator,FTP-Patator,1.0,0.94,0.0,71.06,High,True
FTP-Patator,FTP-Patator,1.0,0.9663,0.0,71.06,High,True
FTP-Patator,FTP-Patator,1.0,0.8219,0.0,71.06,High,True
FTP-Patator,FTP-Patator,1.0,0.9963,0.0053,71.06,High,True
FTP-Patator,FTP-Patator,1.0,0.9962,0.0232,71.06,High,True
FTP-Patator,FTP-Patator,1.0,0.9964,0.0047,71.06,High,True
FTP-Patator,FTP-Patator,1.0,0.9963,0.0052,71.06,High,True
FTP-Patator,FTP-Patator,1.0,1.0,0.2838,70.92,High,True
FTP-Patator,FTP-Patator,1.0,0.972,0.0,71.06,High,True
FTP-Patator,FTP-Patator,1.0,0.9246,0.0,71.06,High,True
FTP-Patator,FTP-Patator,1.0,1.0,0.3784,76.81,High,True
FTP-Patator,FTP-Patator,1.0,0.8772,0.0,71.06,High,True
FTP-Patator,FTP-Patator,1.0,0.9964,0.0044,71.06,High,True
FTP-Patator,FTP-Patator,1.0,0.9995,0.0873,71.06,High,True
FTP-Patator,FTP-Patator,1.0,0.9634,0.0,71.06,High,True
FTP-Patator,FTP-Patator,1.0,0.8896,0.0,71.06,High,True
FTP-Patator,FTP-Patator,1.0,0.8737,0.0,71.06,High,True
FTP-Patator,FTP-Patator,1.0,0.8056,0.0,71.06,High,True
FTP-Patator,FTP-Patator,1.0,0.9963,0.0053,71.06,High,True
FTP-Patator,FTP-Patator,1.0,0.9963,0.0051,71.06,High,True
FTP-Patator,FTP-Patator,1.0,0.7442,0.0,71.04,High,True
FTP-Patator,FTP-Patator,1.0,0.9516,0.0,71.06,High,True
FTP-Patator,FTP-Patator,1.0,0.9964,0.0046,71.06,High,True
FTP-Patator,FTP-Patator,1.0,0.7947,0.0,71.06,High,True
FTP-Patator,FTP-Patator,1.0,0.8548,0.0,71.06,High,True
FTP-Patator,FTP-Patator,1.0,0.9781,0.0,71.06,High,True
FTP-Patator,FTP-Patator,1.0,0.9963,0.005,71.06,High,True
FTP-Patator,FTP-Patator,1.0,0.9962,0.0232,71.06,High,True
FTP-Patator,FTP-Patator,1.0,1.0,0.5676,91.55,Critical,True
FTP-Patator,FTP-Patator,1.0,0.4681,0.0,42.5,Medium,True
FTP-Patator,FTP-Patator,1.0,0.9962,0.0236,71.06,High,True
FTP-Patator,FTP-Patator,1.0,1.0,0.3784,76.81,High,True
FTP-Patator,FTP-Patator,1.0,0.9964,0.0042,71.06,High,True
FTP-Patator,FTP-Patator,1.0,1.0,0.5676,91.55,Critical,True
FTP-Patator,FTP-Patator,1.0,0.9963,0.0053,71.06,High,True
FTP-Patator,FTP-Patator,1.0,0.8389,0.0,71.06,High,True
FTP-Patator,FTP-Patator,1.0,0.9188,0.0,71.06,High,True
FTP-Patator,FTP-Patator,1.0,0.9788,0.0,71.06,High,True
FTP-Patator,FTP-Patator,1.0,0.9964,0.0044,71.06,High,True
FTP-Patator,FTP-Patator,1.0,0.9194,0.0,71.06,High,True
FTP-Patator,FTP-Patator,1.0,1.0,0.3784,76.81,High,True
FTP-Patator,FTP-Patator,1.0,0.9017,0.0,71.06,High,True
FTP-Patator,FTP-Patator,1.0,0.9963,0.0054,71.06,High,True
FTP-Patator,FTP-Patator,1.0,0.8912,0.0,71.06,High,True
FTP-Patator,FTP-Patator,1.0,0.9815,0.0,71.06,High,True
FTP-Patator,FTP-Patator,1.0,0.8795,0.0,71.06,High,True
FTP-Patator,FTP-Patator,1.0,0.9964,0.0039,71.06,High,True
FTP-Patator,FTP-Patator,1.0,0.9982,0.0597,71.06,High,True
FTP-Patator,FTP-Patator,1.0,0.9964,0.0047,71.06,High,True
FTP-Patator,FTP-Patator,1.0,0.9964,0.0041,71.06,High,True
FTP-Patator,FTP-Patator,1.0,0.9545,0.0,71.06,High,True
FTP-Patator,FTP-Patator,1.0,0.9963,0.0052,71.06,High,True
FTP-Patator,FTP-Patator,1.0,0.8577,0.0,71.06,High,True
FTP-Patator,FTP-Patator,1.0,0.9963,0.0048,71.06,High,True
FTP-Patator,FTP-Patator,1.0,1.0,0.3784,76.81,High,True
FTP-Patator,FTP-Patator,1.0,0.9964,0.0047,71.06,High,True
FTP-Patator,FTP-Patator,1.0,0.7181,0.0,70.93,High,True
FTP-Patator,FTP-Patator,1.0,0.9355,0.0,71.06,High,True
BENIGN,Heartbleed,0.0,1.0,0.0054,42.5,Medium,True
Heartbleed,Heartbleed,1.0,1.0,0.0054,71.06,High,True
Infiltration,Infiltration,1.0,0.9999,0.0,71.06,High,True
DoS slowloris,Infiltration,1.0,0.9994,0.0,71.06,High,True
BENIGN,Infiltration,0.0,1.0,0.0,42.5,Medium,True
FTP-Patator,Infiltration,1.0,0.9972,0.0486,71.06,High,True
DoS slowloris,Infiltration,1.0,0.9961,0.0,71.06,High,True
DoS slowloris,Infiltration,1.0,0.4498,0.0,42.5,Medium,True
DoS slowloris,Infiltration,1.0,0.9429,0.0,71.06,High,True
FTP-Patator,PortScan,1.0,0.9881,0.0138,71.06,High,True
PortScan,PortScan,1.0,1.0,0.0074,71.06,High,True
FTP-Patator,PortScan,1.0,0.968,0.0382,71.06,High,True
FTP-Patator,PortScan,1.0,0.9806,0.009,71.06,High,True
PortScan,PortScan,1.0,0.9999,0.0147,71.06,High,True
FTP-Patator,PortScan,1.0,0.9941,0.0111,71.06,High,True
PortScan,PortScan,1.0,0.9885,0.0259,71.06,High,True
PortScan,PortScan,1.0,0.8756,0.0086,71.06,High,True
PortScan,PortScan,1.0,0.992,0.0116,71.06,High,True
PortScan,PortScan,1.0,1.0,0.0078,71.06,High,True
FTP-Patator,PortScan,1.0,0.9684,0.0154,71.06,High,True
PortScan,PortScan,1.0,1.0,0.0097,71.06,High,True
FTP-Patator,PortScan,1.0,0.9484,0.0116,71.06,High,True
FTP-Patator,PortScan,1.0,0.9896,0.0116,71.06,High,True
FTP-Patator,PortScan,1.0,0.9944,0.0147,71.06,High,True
PortScan,PortScan,1.0,0.9919,0.0118,71.06,High,True
FTP-Patator,PortScan,1.0,0.96,0.0144,71.06,High,True
FTP-Patator,PortScan,1.0,0.3498,0.0113,42.5,Medium,True
PortScan,PortScan,1.0,1.0,0.0074,71.06,High,True
FTP-Patator,PortScan,1.0,0.9631,0.0256,71.06,High,True
PortScan,PortScan,1.0,0.9909,0.0144,71.06,High,True
FTP-Patator,PortScan,1.0,0.7374,0.0486,71.01,High,True
PortScan,PortScan,1.0,1.0,0.0108,71.06,High,True
PortScan,PortScan,1.0,0.9927,0.0175,71.06,High,True
PortScan,PortScan,1.0,1.0,0.0221,71.06,High,True
FTP-Patator,PortScan,1.0,0.9922,0.0067,71.06,High,True
PortScan,PortScan,1.0,0.9919,0.0132,71.06,High,True
FTP-Patator,PortScan,1.0,0.9896,0.0069,71.06,High,True
FTP-Patator,PortScan,1.0,0.991,0.0151,71.06,High,True
PortScan,PortScan,1.0,0.8601,0.0111,71.06,High,True
PortScan,PortScan,1.0,0.9836,0.0649,71.06,High,True
PortScan,PortScan,1.0,0.9989,0.0973,71.06,High,True
PortScan,PortScan,1.0,0.924,0.0078,71.06,High,True
PortScan,PortScan,1.0,1.0,0.027,71.06,High,True
FTP-Patator,PortScan,1.0,0.3747,0.0122,42.5,Medium,True
PortScan,PortScan,1.0,0.9722,0.0089,71.06,High,True
Bot,PortScan,1.0,1.0,0.4865,92.09,Critical,True
PortScan,PortScan,1.0,0.9418,0.0927,71.06,High,True
FTP-Patator,PortScan,1.0,0.827,0.0101,71.06,High,True
FTP-Patator,PortScan,1.0,0.993,0.0114,71.06,High,True
FTP-Patator,PortScan,1.0,0.9242,0.0111,71.06,High,True
PortScan,PortScan,1.0,1.0,0.0108,71.06,High,True
FTP-Patator,PortScan,1.0,0.9523,0.0147,71.06,High,True
PortScan,PortScan,1.0,1.0,0.0212,71.06,High,True
FTP-Patator,PortScan,1.0,0.9945,0.0062,71.06,High,True
FTP-Patator,PortScan,1.0,0.9609,0.018,71.06,High,True
FTP-Patator,PortScan,1.0,0.9945,0.0101,71.06,High,True
PortScan,PortScan,1.0,1.0,0.0113,71.06,High,True
FTP-Patator,PortScan,1.0,0.9957,0.0075,71.06,High,True
PortScan,PortScan,1.0,0.9927,0.0151,71.06,High,True
FTP-Patator,PortScan,1.0,0.9934,0.0147,71.06,High,True
FTP-Patator,PortScan,1.0,0.9805,0.0127,71.06,High,True
FTP-Patator,PortScan,1.0,0.9898,0.0166,71.06,High,True
PortScan,PortScan,1.0,1.0,0.0131,71.06,High,True
PortScan,PortScan,1.0,0.9789,0.0116,71.06,High,True
FTP-Patator,PortScan,1.0,0.9854,0.0135,71.06,High,True
PortScan,PortScan,1.0,1.0,0.0084,71.06,High,True
FTP-Patator,PortScan,1.0,0.9907,0.0095,71.06,High,True
PortScan,PortScan,1.0,1.0,0.0075,71.06,High,True
PortScan,PortScan,1.0,1.0,0.0147,71.06,High,True
FTP-Patator,PortScan,1.0,0.9956,0.0055,71.06,High,True
FTP-Patator,PortScan,1.0,0.8619,0.0132,71.06,High,True
PortScan,PortScan,1.0,0.8908,0.0154,71.06,High,True
FTP-Patator,PortScan,1.0,0.5291,0.0132,42.5,Medium,True
FTP-Patator,PortScan,1.0,0.9955,0.0057,71.06,High,True
FTP-Patator,PortScan,1.0,0.9907,0.0144,71.06,High,True
FTP-Patator,PortScan,1.0,0.9947,0.0135,71.06,High,True
PortScan,PortScan,1.0,1.0,0.0072,71.06,High,True
PortScan,PortScan,1.0,0.9922,0.0114,71.06,High,True
PortScan,PortScan,1.0,0.5178,0.0286,42.5,Medium,True
PortScan,PortScan,1.0,0.4371,0.0138,42.5,Medium,True
FTP-Patator,PortScan,1.0,0.9901,0.0099,71.06,High,True
Bot,PortScan,1.0,0.1663,0.0171,42.5,Medium,True
FTP-Patator,PortScan,1.0,0.966,0.009,71.06,High,True
FTP-Patator,PortScan,1.0,0.9704,0.0066,71.06,High,True
FTP-Patator,PortScan,1.0,0.9926,0.0158,71.06,High,True
PortScan,PortScan,1.0,0.7556,0.0116,71.06,High,True
PortScan,PortScan,1.0,0.992,0.0093,71.06,High,True
PortScan,PortScan,1.0,0.1239,0.0075,42.5,Medium,True
FTP-Patator,PortScan,1.0,0.4536,0.0122,42.5,Medium,True
PortScan,PortScan,1.0,0.5791,0.0143,47.45,Medium,True
FTP-Patator,PortScan,1.0,0.9905,0.0154,71.06,High,True
FTP-Patator,PortScan,1.0,0.9724,0.0108,71.06,High,True
PortScan,PortScan,1.0,1.0,0.0099,71.06,High,True
FTP-Patator,PortScan,1.0,0.9942,0.0072,71.06,High,True
FTP-Patator,PortScan,1.0,0.9892,0.012,71.06,High,True
PortScan,PortScan,1.0,0.9926,0.0135,71.06,High,True
PortScan,PortScan,1.0,0.9923,0.009,71.06,High,True
FTP-Patator,PortScan,1.0,0.8641,0.007,71.06,High,True
FTP-Patator,PortScan,1.0,0.9897,0.0232,71.06,High,True
FTP-Patator,PortScan,1.0,0.9902,0.0111,71.06,High,True
FTP-Patator,PortScan,1.0,0.9937,0.0078,71.06,High,True
FTP-Patator,PortScan,1.0,0.9803,0.0068,71.06,High,True
FTP-Patator,PortScan,1.0,0.9833,0.0083,71.06,High,True
PortScan,PortScan,1.0,1.0,0.0052,71.06,High,True
FTP-Patator,PortScan,1.0,0.9925,0.0143,71.06,High,True
FTP-Patator,PortScan,1.0,0.9903,0.0113,71.06,High,True
PortScan,PortScan,1.0,1.0,0.0111,71.06,High,True
FTP-Patator,PortScan,1.0,0.9941,0.0111,71.06,High,True
PortScan,PortScan,1.0,1.0,0.0058,71.06,High,True
FTP-Patator,PortScan,1.0,0.9944,0.0081,71.06,High,True
PortScan,PortScan,1.0,0.9947,0.0203,71.06,High,True
PortScan,PortScan,1.0,1.0,0.0106,71.06,High,True
FTP-Patator,PortScan,1.0,0.9472,0.0162,71.06,High,True
FTP-Patator,PortScan,1.0,0.989,0.0141,71.06,High,True
FTP-Patator,PortScan,1.0,0.9898,0.012,71.06,High,True
PortScan,PortScan,1.0,1.0,0.009,71.06,High,True
PortScan,PortScan,1.0,0.0634,0.0085,42.5,Medium,True
FTP-Patator,PortScan,1.0,0.9888,0.0094,71.06,High,True
PortScan,PortScan,1.0,0.9926,0.0158,71.06,High,True
Bot,PortScan,1.0,1.0,0.3243,72.17,High,True
FTP-Patator,PortScan,1.0,0.9901,0.0162,71.06,High,True
FTP-Patator,PortScan,1.0,0.9929,0.0089,71.06,High,True
Bot,PortScan,1.0,1.0,0.6486,91.18,Critical,True
PortScan,PortScan,1.0,0.795,0.0086,71.06,High,True
PortScan,PortScan,1.0,0.9902,0.0151,71.06,High,True
PortScan,PortScan,1.0,1.0,0.0116,71.06,High,True
FTP-Patator,PortScan,1.0,0.7753,0.0442,71.06,High,True
FTP-Patator,PortScan,1.0,0.9943,0.0048,71.06,High,True
PortScan,PortScan,1.0,0.9915,0.006,71.06,High,True
PortScan,PortScan,1.0,0.9906,0.0116,71.06,High,True
FTP-Patator,PortScan,1.0,0.7655,0.0089,71.06,High,True
FTP-Patator,PortScan,1.0,0.9938,0.011,71.06,High,True
FTP-Patator,PortScan,1.0,0.9942,0.006,71.06,High,True
FTP-Patator,PortScan,1.0,0.7691,0.0062,71.06,High,True
FTP-Patator,PortScan,1.0,0.9918,0.0076,71.06,High,True
PortScan,PortScan,1.0,1.0,0.0116,71.06,High,True
FTP-Patator,PortScan,1.0,0.7966,0.005,71.06,High,True
PortScan,PortScan,1.0,0.2559,0.0135,42.5,Medium,True
PortScan,PortScan,1.0,0.7294,0.01,70.98,High,True
FTP-Patator,PortScan,1.0,0.9917,0.008,71.06,High,True
PortScan,PortScan,1.0,0.8804,0.0066,71.06,High,True
PortScan,PortScan,1.0,0.9926,0.0144,71.06,High,True
SSH-Patator,SSH-Patator,1.0,0.9806,0.0,71.06,High,True
SSH-Patator,SSH-Patator,1.0,1.0,0.0,71.06,High,True
SSH-Patator,SSH-Patator,1.0,0.9805,0.0,71.06,High,True
SSH-Patator,SSH-Patator,1.0,0.9651,0.0,71.06,High,True
SSH-Patator,SSH-Patator,1.0,0.9796,0.0,71.06,High,True
SSH-Patator,SSH-Patator,1.0,0.9785,0.0,71.06,High,True
SSH-Patator,SSH-Patator,1.0,0.9689,0.0,71.06,High,True
SSH-Patator,SSH-Patator,1.0,1.0,0.0,71.06,High,True
SSH-Patator,SSH-Patator,1.0,0.9808,0.0,71.06,High,True
SSH-Patator,SSH-Patator,1.0,0.9763,0.0,71.06,High,True
SSH-Patator,SSH-Patator,1.0,1.0,0.0,71.06,High,True
SSH-Patator,SSH-Patator,1.0,1.0,0.0,71.06,High,True
SSH-Patator,SSH-Patator,1.0,1.0,0.0,71.06,High,True
SSH-Patator,SSH-Patator,1.0,0.9594,0.0,71.06,High,True
SSH-Patator,SSH-Patator,1.0,0.9808,0.0,71.06,High,True
SSH-Patator,SSH-Patator,1.0,1.0,0.0,71.06,High,True
SSH-Patator,SSH-Patator,1.0,0.9772,0.0,71.06,High,True
SSH-Patator,SSH-Patator,1.0,0.9798,0.0,71.06,High,True
SSH-Patator,SSH-Patator,1.0,1.0,0.0,71.06,High,True
SSH-Patator,SSH-Patator,1.0,1.0,0.0,71.06,High,True
SSH-Patator,SSH-Patator,1.0,0.9794,0.0,71.06,High,True
SSH-Patator,SSH-Patator,1.0,0.9795,0.0,71.06,High,True
SSH-Patator,SSH-Patator,1.0,0.9777,0.0,71.06,High,True
SSH-Patator,SSH-Patator,1.0,0.9747,0.0,71.06,High,True
SSH-Patator,SSH-Patator,1.0,1.0,0.0,71.06,High,True
SSH-Patator,SSH-Patator,1.0,1.0,0.0,71.06,High,True
SSH-Patator,SSH-Patator,1.0,0.9791,0.0,71.06,High,True
SSH-Patator,SSH-Patator,1.0,0.9791,0.0,71.06,High,True
SSH-Patator,SSH-Patator,1.0,0.9793,0.0,71.06,High,True
SSH-Patator,SSH-Patator,1.0,1.0,0.0,71.06,High,True
SSH-Patator,SSH-Patator,1.0,1.0,0.0,71.06,High,True
SSH-Patator,SSH-Patator,1.0,0.973,0.0,71.06,High,True
FTP-Patator,SSH-Patator,1.0,1.0,0.0,71.06,High,True
SSH-Patator,SSH-Patator,1.0,1.0,0.0,71.06,High,True
SSH-Patator,SSH-Patator,1.0,1.0,0.0,71.06,High,True
SSH-Patator,SSH-Patator,1.0,1.0,0.0,71.06,High,True
SSH-Patator,SSH-Patator,1.0,0.9789,0.0,71.06,High,True
SSH-Patator,SSH-Patator,1.0,1.0,0.0,71.06,High,True
SSH-Patator,SSH-Patator,1.0,0.9796,0.0,71.06,High,True
SSH-Patator,SSH-Patator,1.0,1.0,0.0,71.06,High,True
SSH-Patator,SSH-Patator,1.0,1.0,0.0,71.06,High,True
SSH-Patator,SSH-Patator,1.0,0.9801,0.0,71.06,High,True
SSH-Patator,SSH-Patator,1.0,1.0,0.0,71.06,High,True
SSH-Patator,SSH-Patator,1.0,0.9789,0.0,71.06,High,True
SSH-Patator,SSH-Patator,1.0,1.0,0.0,71.06,High,True
SSH-Patator,SSH-Patator,1.0,0.9805,0.0,71.06,High,True
SSH-Patator,SSH-Patator,1.0,1.0,0.0,71.06,High,True
SSH-Patator,SSH-Patator,1.0,1.0,0.0,71.06,High,True
SSH-Patator,SSH-Patator,1.0,0.9807,0.0,71.06,High,True
SSH-Patator,SSH-Patator,1.0,1.0,0.0,71.06,High,True
SSH-Patator,SSH-Patator,1.0,0.98,0.0,71.06,High,True
SSH-Patator,SSH-Patator,1.0,1.0,0.0,71.06,High,True
SSH-Patator,SSH-Patator,1.0,0.9678,0.0,71.06,High,True
SSH-Patator,SSH-Patator,1.0,1.0,0.0,71.06,High,True
SSH-Patator,SSH-Patator,1.0,1.0,0.0,71.06,High,True
SSH-Patator,SSH-Patator,1.0,0.9803,0.0,71.06,High,True
SSH-Patator,SSH-Patator,1.0,0.9805,0.0,71.06,High,True
SSH-Patator,SSH-Patator,1.0,1.0,0.0,71.06,High,True
SSH-Patator,SSH-Patator,1.0,1.0,0.0,71.06,High,True
SSH-Patator,SSH-Patator,1.0,1.0,0.0,71.06,High,True
SSH-Patator,SSH-Patator,1.0,0.9788,0.0,71.06,High,True
SSH-Patator,SSH-Patator,1.0,1.0,0.0,71.06,High,True
SSH-Patator,SSH-Patator,1.0,0.9802,0.0,71.06,High,True
SSH-Patator,SSH-Patator,1.0,0.976,0.0,71.06,High,True
SSH-Patator,SSH-Patator,1.0,1.0,0.0,71.06,High,True
SSH-Patator,SSH-Patator,1.0,0.9796,0.0,71.06,High,True
SSH-Patator,SSH-Patator,1.0,1.0,0.0,71.06,High,True
SSH-Patator,SSH-Patator,1.0,0.9796,0.0,71.06,High,True
SSH-Patator,SSH-Patator,1.0,1.0,0.0,71.06,High,True
SSH-Patator,SSH-Patator,1.0,0.9797,0.0,71.06,High,True
SSH-Patator,SSH-Patator,1.0,1.0,0.0,71.06,High,True
SSH-Patator,SSH-Patator,1.0,1.0,0.0,71.06,High,True
SSH-Patator,SSH-Patator,1.0,1.0,0.0,71.06,High,True
SSH-Patator,SSH-Patator,1.0,1.0,0.0,71.06,High,True
SSH-Patator,SSH-Patator,1.0,0.9799,0.0,71.06,High,True
SSH-Patator,SSH-Patator,1.0,0.9808,0.0,71.06,High,True
SSH-Patator,SSH-Patator,1.0,0.9808,0.0,71.06,High,True
SSH-Patator,SSH-Patator,1.0,1.0,0.0,71.06,High,True
SSH-Patator,SSH-Patator,1.0,1.0,0.0,71.06,High,True
SSH-Patator,SSH-Patator,1.0,0.9792,0.0,71.06,High,True
SSH-Patator,SSH-Patator,1.0,0.9807,0.0,71.06,High,True
SSH-Patator,SSH-Patator,1.0,0.9802,0.0,71.06,High,True
SSH-Patator,SSH-Patator,1.0,0.9795,0.0,71.06,High,True
SSH-Patator,SSH-Patator,1.0,1.0,0.0,71.06,High,True
SSH-Patator,SSH-Patator,1.0,1.0,0.0,71.06,High,True
SSH-Patator,SSH-Patator,1.0,0.9541,0.0,71.06,High,True
SSH-Patator,SSH-Patator,1.0,1.0,0.0,71.06,High,True
SSH-Patator,SSH-Patator,1.0,1.0,0.0,71.06,High,True
SSH-Patator,SSH-Patator,1.0,1.0,0.0,71.06,High,True
SSH-Patator,SSH-Patator,1.0,1.0,0.0,71.06,High,True
SSH-Patator,SSH-Patator,1.0,1.0,0.0,71.06,High,True
SSH-Patator,SSH-Patator,1.0,0.9783,0.0,71.06,High,True
SSH-Patator,SSH-Patator,1.0,1.0,0.0,71.06,High,True
SSH-Patator,SSH-Patator,1.0,0.9798,0.0,71.06,High,True
SSH-Patator,SSH-Patator,1.0,0.9508,0.0,71.06,High,True
SSH-Patator,SSH-Patator,1.0,1.0,0.0,71.06,High,True
SSH-Patator,SSH-Patator,1.0,0.9689,0.0,71.06,High,True
SSH-Patator,SSH-Patator,1.0,1.0,0.0,71.06,High,True
SSH-Patator,SSH-Patator,1.0,1.0,0.0,71.06,High,True
SSH-Patator,SSH-Patator,1.0,0.9793,0.0,71.06,High,True
SSH-Patator,SSH-Patator,1.0,1.0,0.0,71.06,High,True
SSH-Patator,SSH-Patator,1.0,0.9665,0.0,71.06,High,True
SSH-Patator,SSH-Patator,1.0,1.0,0.0,71.06,High,True
SSH-Patator,SSH-Patator,1.0,0.9296,0.0,71.06,High,True
SSH-Patator,SSH-Patator,1.0,0.9801,0.0,71.06,High,True
SSH-Patator,SSH-Patator,1.0,1.0,0.0,71.06,High,True
SSH-Patator,SSH-Patator,1.0,1.0,0.0,71.06,High,True
SSH-Patator,SSH-Patator,1.0,1.0,0.0,71.06,High,True
SSH-Patator,SSH-Patator,1.0,1.0,0.0,71.06,High,True
SSH-Patator,SSH-Patator,1.0,0.9772,0.0,71.06,High,True
SSH-Patator,SSH-Patator,1.0,0.9797,0.0,71.06,High,True
SSH-Patator,SSH-Patator,1.0,0.9792,0.0,71.06,High,True
SSH-Patator,SSH-Patator,1.0,1.0,0.0,71.06,High,True
SSH-Patator,SSH-Patator,1.0,0.9807,0.0,71.06,High,True
SSH-Patator,SSH-Patator,1.0,0.9806,0.0,71.06,High,True
SSH-Patator,SSH-Patator,1.0,1.0,0.0,71.06,High,True
SSH-Patator,SSH-Patator,1.0,1.0,0.0,71.06,High,True
SSH-Patator,SSH-Patator,1.0,1.0,0.0,71.06,High,True
SSH-Patator,SSH-Patator,1.0,0.9793,0.0,71.06,High,True
SSH-Patator,SSH-Patator,1.0,0.9787,0.0,71.06,High,True
SSH-Patator,SSH-Patator,1.0,1.0,0.0,71.06,High,True
SSH-Patator,SSH-Patator,1.0,1.0,0.0,71.06,High,True
SSH-Patator,SSH-Patator,1.0,1.0,0.0,71.06,High,True
SSH-Patator,SSH-Patator,1.0,1.0,0.0,71.06,High,True
SSH-Patator,SSH-Patator,1.0,0.9699,0.0,71.06,High,True
SSH-Patator,SSH-Patator,1.0,1.0,0.0,71.06,High,True
SSH-Patator,SSH-Patator,1.0,1.0,0.0,71.06,High,True
SSH-Patator,SSH-Patator,1.0,1.0,0.0,71.06,High,True
SSH-Patator,SSH-Patator,1.0,0.9651,0.0,71.06,High,True
SSH-Patator,SSH-Patator,1.0,0.9792,0.0,71.06,High,True
SSH-Patator,SSH-Patator,1.0,0.9665,0.0,71.06,High,True
SSH-Patator,SSH-Patator,1.0,0.9805,0.0,71.06,High,True
SSH-Patator,SSH-Patator,1.0,1.0,0.0,71.06,High,True
Web Attack - XSS,Web Attack - Brute Force,1.0,0.9422,0.0,71.06,High,True
Web Attack - XSS,Web Attack - Brute Force,1.0,0.932,0.0,71.06,High,True
Web Attack - Brute Force,Web Attack - Brute Force,1.0,0.9278,0.0,71.06,High,True
Web Attack - XSS,Web Attack - Brute Force,1.0,0.9417,0.0,71.06,High,True
Web Attack - XSS,Web Attack - Brute Force,1.0,0.9389,0.0,71.06,High,True
Web Attack - XSS,Web Attack - Brute Force,1.0,0.9393,0.0,71.06,High,True
Web Attack - XSS,Web Attack - Brute Force,1.0,0.9351,0.0,71.06,High,True
Web Attack - XSS,Web Attack - Brute Force,1.0,0.9441,0.0,71.06,High,True
Web Attack - XSS,Web Attack - Brute Force,1.0,0.9422,0.0,71.06,High,True
Web Attack - XSS,Web Attack - Brute Force,1.0,0.9204,0.0,71.06,High,True
Web Attack - Brute Force,Web Attack - Brute Force,0.6004,0.2007,0.0003,26.25,Low,True
Web Attack - XSS,Web Attack - Brute Force,1.0,0.9254,0.0,71.06,High,True
Web Attack - XSS,Web Attack - Brute Force,1.0,0.9226,0.0,71.06,High,True
Web Attack - XSS,Web Attack - Brute Force,1.0,0.9302,0.0,71.06,High,True
Web Attack - XSS,Web Attack - Brute Force,1.0,0.9374,0.0,71.06,High,True
Web Attack - XSS,Web Attack - Brute Force,1.0,0.9394,0.0,71.06,High,True
Web Attack - XSS,Web Attack - Brute Force,1.0,0.9418,0.0,71.06,High,True
Web Attack - XSS,Web Attack - Brute Force,1.0,0.9437,0.0,71.06,High,True
Web Attack - XSS,Web Attack - Brute Force,1.0,0.9234,0.0,71.06,High,True
Web Attack - XSS,Web Attack - Brute Force,1.0,0.9429,0.0,71.06,High,True
Web Attack - XSS,Web Attack - Brute Force,1.0,0.9327,0.0,71.06,High,True
Web Attack - XSS,Web Attack - Brute Force,1.0,0.9439,0.0,71.06,High,True
Web Attack - XSS,Web Attack - Brute Force,1.0,0.9416,0.0,71.06,High,True
Web Attack - XSS,Web Attack - Brute Force,1.0,0.9286,0.0,71.06,High,True
Web Attack - XSS,Web Attack - Brute Force,1.0,0.9439,0.0,71.06,High,True
Web Attack - XSS,Web Attack - Brute Force,1.0,0.9292,0.0,71.06,High,True
Web Attack - XSS,Web Attack - Brute Force,1.0,0.9439,0.0,71.06,High,True
BENIGN,Web Attack - Brute Force,0.3973,0.2055,0.0003,15.2,Low,True
Web Attack - Brute Force,Web Attack - Brute Force,0.7119,0.4238,0.0003,42.5,Medium,True
Web Attack - XSS,Web Attack - Brute Force,1.0,0.9154,0.0,71.06,High,True
Web Attack - XSS,Web Attack - Brute Force,1.0,0.9436,0.0,71.06,High,True
Web Attack - XSS,Web Attack - Brute Force,1.0,0.929,0.0,71.06,High,True
Web Attack - XSS,Web Attack - Brute Force,1.0,0.9436,0.0,71.06,High,True
Web Attack - XSS,Web Attack - Brute Force,1.0,0.9421,0.0,71.06,High,True
Web Attack - XSS,Web Attack - Brute Force,1.0,0.9275,0.0,71.06,High,True
Web Attack - XSS,Web Attack - Brute Force,1.0,0.9429,0.0,71.06,High,True
Web Attack - XSS,Web Attack - Brute Force,1.0,0.9354,0.0,71.06,High,True
Web Attack - XSS,Web Attack - Brute Force,1.0,0.9339,0.0,71.06,High,True
Web Attack - XSS,Web Attack - Brute Force,1.0,0.9334,0.0,71.06,High,True
Web Attack - XSS,Web Attack - Brute Force,1.0,0.9413,0.0,71.06,High,True
Web Attack - SQL Injection,Web Attack - Brute Force,1.0,0.9827,0.0,71.06,High,True
Web Attack - XSS,Web Attack - Brute Force,1.0,0.9399,0.0,71.06,High,True
Web Attack - XSS,Web Attack - Brute Force,1.0,0.9246,0.0,71.06,High,True
Web Attack - XSS,Web Attack - Brute Force,1.0,0.9268,0.0,71.06,High,True
Web Attack - XSS,Web Attack - Brute Force,1.0,0.9245,0.0,71.06,High,True
Web Attack - XSS,Web Attack - Brute Force,1.0,0.9271,0.0,71.06,High,True
Web Attack - XSS,Web Attack - Brute Force,1.0,0.9198,0.0,71.06,High,True
Web Attack - XSS,Web Attack - Brute Force,1.0,0.9395,0.0,71.06,High,True
Web Attack - XSS,Web Attack - Brute Force,1.0,0.9281,0.0,71.06,High,True
Web Attack - XSS,Web Attack - Brute Force,1.0,0.9426,0.0,71.06,High,True
Web Attack - XSS,Web Attack - Brute Force,1.0,0.9274,0.0,71.06,High,True
Web Attack - XSS,Web Attack - Brute Force,1.0,0.9428,0.0,71.06,High,True
Web Attack - XSS,Web Attack - Brute Force,1.0,0.9432,0.0,71.06,High,True
Web Attack - XSS,Web Attack - Brute Force,1.0,0.9429,0.0,71.06,High,True
Web Attack - XSS,Web Attack - Brute Force,1.0,0.9404,0.0,71.06,High,True
Web Attack - Brute Force,Web Attack - Brute Force,0.5794,0.1588,0.0003,21.61,Low,True
Web Attack - XSS,Web Attack - Brute Force,1.0,0.944,0.0,71.06,High,True
Web Attack - XSS,Web Attack - Brute Force,1.0,0.9424,0.0,71.06,High,True
Web Attack - XSS,Web Attack - Brute Force,1.0,0.9392,0.0,71.06,High,True
Web Attack - XSS,Web Attack - Brute Force,1.0,0.9354,0.0,71.06,High,True
Web Attack - XSS,Web Attack - Brute Force,1.0,0.9439,0.0,71.06,High,True
Web Attack - XSS,Web Attack - Brute Force,1.0,0.9354,0.0,71.06,High,True
Web Attack - XSS,Web Attack - Brute Force,1.0,0.9439,0.0,71.06,High,True
Web Attack - XSS,Web Attack - Brute Force,1.0,0.9297,0.0,71.06,High,True
Web Attack - XSS,Web Attack - Brute Force,1.0,0.945,0.0,71.06,High,True
Web Attack - XSS,Web Attack - Brute Force,1.0,0.9399,0.0,71.06,High,True
Web Attack - XSS,Web Attack - Brute Force,1.0,0.9432,0.0,71.06,High,True
Web Attack - XSS,Web Attack - Brute Force,1.0,0.9433,0.0,71.06,High,True
Web Attack - XSS,Web Attack - Brute Force,1.0,0.9356,0.0,71.06,High,True
Web Attack - XSS,Web Attack - Brute Force,1.0,0.9442,0.0,71.06,High,True
Web Attack - XSS,Web Attack - Brute Force,1.0,0.9356,0.0,71.06,High,True
Web Attack - XSS,Web Attack - Brute Force,1.0,0.9343,0.0,71.06,High,True
Web Attack - XSS,Web Attack - Brute Force,1.0,0.9439,0.0,71.06,High,True
Web Attack - XSS,Web Attack - Brute Force,1.0,0.9323,0.0,71.06,High,True
Web Attack - XSS,Web Attack - Brute Force,1.0,0.9332,0.0,71.06,High,True
Web Attack - XSS,Web Attack - Brute Force,1.0,0.9389,0.0,71.06,High,True
Web Attack - XSS,Web Attack - Brute Force,1.0,0.9299,0.0,71.06,High,True
Web Attack - XSS,Web Attack - Brute Force,1.0,0.9348,0.0,71.06,High,True
Web Attack - XSS,Web Attack - Brute Force,1.0,0.9408,0.0,71.06,High,True
Web Attack - XSS,Web Attack - Brute Force,1.0,0.9347,0.0,71.06,High,True
Web Attack - XSS,Web Attack - Brute Force,1.0,0.9184,0.0,71.06,High,True
Web Attack - XSS,Web Attack - Brute Force,1.0,0.9441,0.0,71.06,High,True
SSH-Patator,Web Attack - Brute Force,1.0,0.9811,0.0,71.06,High,True
Web Attack - XSS,Web Attack - Brute Force,1.0,0.9311,0.0,71.06,High,True
Web Attack - XSS,Web Attack - Brute Force,1.0,0.9319,0.0,71.06,High,True
Web Attack - XSS,Web Attack - Brute Force,1.0,0.9437,0.0,71.06,High,True
Web Attack - XSS,Web Attack - Brute Force,1.0,0.944,0.0,71.06,High,True
Web Attack - XSS,Web Attack - Brute Force,1.0,0.9313,0.0,71.06,High,True
Web Attack - XSS,Web Attack - Brute Force,1.0,0.9295,0.0,71.06,High,True
Web Attack - XSS,Web Attack - Brute Force,1.0,0.9438,0.0,71.06,High,True
Web Attack - XSS,Web Attack - Brute Force,1.0,0.9379,0.0,71.06,High,True
Web Attack - XSS,Web Attack - Brute Force,1.0,0.9298,0.0,71.06,High,True
Web Attack - XSS,Web Attack - Brute Force,1.0,0.9407,0.0,71.06,High,True
Web Attack - XSS,Web Attack - Brute Force,1.0,0.9358,0.0,71.06,High,True
Web Attack - SQL Injection,Web Attack - Brute Force,1.0,0.9989,0.0,71.06,High,True
Web Attack - XSS,Web Attack - Brute Force,1.0,0.9405,0.0,71.06,High,True
Web Attack - XSS,Web Attack - Brute Force,1.0,0.9339,0.0,71.06,High,True
Web Attack - Brute Force,Web Attack - Brute Force,1.0,0.9468,0.0,71.06,High,True
FTP-Patator,Web Attack - Brute Force,1.0,0.0562,0.0,42.5,Medium,True
Web Attack - Brute Force,Web Attack - Brute Force,1.0,0.9599,0.0,71.06,High,True
Web Attack - XSS,Web Attack - Brute Force,1.0,0.9408,0.0,71.06,High,True
Web Attack - XSS,Web Attack - Brute Force,1.0,0.9446,0.0,71.06,High,True
Web Attack - XSS,Web Attack - Brute Force,1.0,0.9294,0.0,71.06,High,True
Web Attack - XSS,Web Attack - Brute Force,1.0,0.9406,0.0,71.06,High,True
Web Attack - XSS,Web Attack - Brute Force,1.0,0.9298,0.0,71.06,High,True
Web Attack - XSS,Web Attack - Brute Force,1.0,0.9425,0.0,71.06,High,True
Web Attack - XSS,Web Attack - Brute Force,1.0,0.9283,0.0,71.06,High,True
SSH-Patator,Web Attack - Brute Force,1.0,0.9806,0.0,71.06,High,True
Web Attack - XSS,Web Attack - Brute Force,1.0,0.9401,0.0,71.06,High,True
Web Attack - XSS,Web Attack - Brute Force,1.0,0.9212,0.0,71.06,High,True
Web Attack - XSS,Web Attack - Brute Force,1.0,0.9424,0.0,71.06,High,True
SSH-Patator,Web Attack - Brute Force,1.0,0.9795,0.0,71.06,High,True
Web Attack - XSS,Web Attack - Brute Force,1.0,0.941,0.0,71.06,High,True
Web Attack - XSS,Web Attack - Brute Force,1.0,0.9318,0.0,71.06,High,True
Web Attack - XSS,Web Attack - Brute Force,1.0,0.9401,0.0,71.06,High,True
SSH-Patator,Web Attack - Brute Force,1.0,0.9795,0.0,71.06,High,True
Web Attack - XSS,Web Attack - Brute Force,1.0,0.9332,0.0,71.06,High,True
Web Attack - XSS,Web Attack - Brute Force,1.0,0.9404,0.0,71.06,High,True
Web Attack - XSS,Web Attack - Brute Force,1.0,0.944,0.0,71.06,High,True
Web Attack - XSS,Web Attack - Brute Force,1.0,0.9155,0.0,71.06,High,True
Web Attack - XSS,Web Attack - Brute Force,1.0,0.943,0.0,71.06,High,True
Web Attack - XSS,Web Attack - Brute Force,1.0,0.9434,0.0,71.06,High,True
Web Attack - XSS,Web Attack - Brute Force,1.0,0.9321,0.0,71.06,High,True
Web Attack - XSS,Web Attack - Brute Force,1.0,0.9379,0.0,71.06,High,True
SSH-Patator,Web Attack - Brute Force,1.0,0.9749,0.0,71.06,High,True
Web Attack - XSS,Web Attack - Brute Force,1.0,0.9403,0.0,71.06,High,True
Web Attack - XSS,Web Attack - Brute Force,1.0,0.9374,0.0,71.06,High,True
Web Attack - XSS,Web Attack - Brute Force,1.0,0.9424,0.0,71.06,High,True
Web Attack - XSS,Web Attack - Brute Force,1.0,0.9293,0.0,71.06,High,True
Web Attack - XSS,Web Attack - Brute Force,1.0,0.9415,0.0,71.06,High,True
Web Attack - XSS,Web Attack - Brute Force,1.0,0.9422,0.0,71.06,High,True
SSH-Patator,Web Attack - Brute Force,1.0,0.9763,0.0,71.06,High,True
Web Attack - XSS,Web Attack - Brute Force,1.0,0.9416,0.0,71.06,High,True
Web Attack - SQL Injection,Web Attack - SQL Injection,1.0,0.6778,0.0,65.83,High,True
SSH-Patator,Web Attack - SQL Injection,1.0,0.965,0.0,71.06,High,True
SSH-Patator,Web Attack - SQL Injection,1.0,0.9791,0.0,71.06,High,True
SSH-Patator,Web Attack - SQL Injection,1.0,0.9793,0.0,71.06,High,True
Web Attack - XSS,Web Attack - XSS,1.0,0.9418,0.0,71.06,High,True
Web Attack - XSS,Web Attack - XSS,1.0,0.9391,0.0,71.06,High,True
Web Attack - XSS,Web Attack - XSS,1.0,0.9376,0.0,71.06,High,True
Web Attack - XSS,Web Attack - XSS,1.0,0.9389,0.0,71.06,High,True
Web Attack - XSS,Web Attack - XSS,1.0,0.9362,0.0,71.06,High,True
Web Attack - Brute Force,Web Attack - XSS,1.0,0.9945,0.0,71.06,High,True
Web Attack - XSS,Web Attack - XSS,1.0,0.938,0.0,71.06,High,True
Web Attack - XSS,Web Attack - XSS,1.0,0.9295,0.0,71.06,High,True
Web Attack - XSS,Web Attack - XSS,1.0,0.944,0.0,71.06,High,True
Web Attack - XSS,Web Attack - XSS,1.0,0.9364,0.0,71.06,High,True
Web Attack - XSS,Web Attack - XSS,1.0,0.9439,0.0,71.06,High,True
Web Attack - XSS,Web Attack - XSS,1.0,0.9583,0.0,71.06,High,True
Web Attack - XSS,Web Attack - XSS,1.0,0.9328,0.0,71.06,High,True
Web Attack - XSS,Web Attack - XSS,1.0,0.9316,0.0,71.06,High,True
BENIGN,Web Attack - XSS,0.0,1.0,0.0003,42.5,Medium,True
SSH-Patator,Web Attack - XSS,1.0,0.9797,0.0,71.06,High,True
Web Attack - XSS,Web Attack - XSS,1.0,0.9321,0.0,71.06,High,True
Web Attack - XSS,Web Attack - XSS,1.0,0.9378,0.0,71.06,High,True
Web Attack - XSS,Web Attack - XSS,1.0,0.9192,0.0,71.06,High,True
Web Attack - XSS,Web Attack - XSS,1.0,0.9439,0.0,71.06,High,True
Web Attack - XSS,Web Attack - XSS,1.0,0.9384,0.0,71.06,High,True
Web Attack - XSS,Web Attack - XSS,1.0,0.943,0.0,71.06,High,True
Web Attack - XSS,Web Attack - XSS,1.0,0.944,0.0,71.06,High,True
SSH-Patator,Web Attack - XSS,1.0,0.9776,0.0,71.06,High,True
Web Attack - XSS,Web Attack - XSS,1.0,0.9357,0.0,71.06,High,True
Web Attack - XSS,Web Attack - XSS,1.0,0.9414,0.0,71.06,High,True
Web Attack - XSS,Web Attack - XSS,1.0,0.9371,0.0,71.06,High,True
Web Attack - XSS,Web Attack - XSS,1.0,0.9393,0.0,71.06,High,True
BENIGN,Web Attack - XSS,0.0,1.0,0.0003,42.5,Medium,True
Web Attack - XSS,Web Attack - XSS,1.0,0.9422,0.0,71.06,High,True
Web Attack - XSS,Web Attack - XSS,1.0,0.9269,0.0,71.06,High,True
Web Attack - XSS,Web Attack - XSS,1.0,0.9439,0.0,71.06,High,True
Web Attack - XSS,Web Attack - XSS,1.0,0.9268,0.0,71.06,High,True
Web Attack - XSS,Web Attack - XSS,1.0,0.9342,0.0,71.06,High,True
Web Attack - XSS,Web Attack - XSS,1.0,0.9368,0.0,71.06,High,True
SSH-Patator,Web Attack - XSS,1.0,0.9798,0.0,71.06,High,True
Web Attack - XSS,Web Attack - XSS,1.0,0.9285,0.0,71.06,High,True
Web Attack - XSS,Web Attack - XSS,1.0,0.9405,0.0,71.06,High,True
Web Attack - XSS,Web Attack - XSS,1.0,0.9406,0.0,71.06,High,True
Web Attack - XSS,Web Attack - XSS,1.0,0.9342,0.0,71.06,High,True
Web Attack - XSS,Web Attack - XSS,1.0,0.9419,0.0,71.06,High,True
SSH-Patator,Web Attack - XSS,1.0,0.9775,0.0,71.06,High,True
Web Attack - XSS,Web Attack - XSS,1.0,0.9312,0.0,71.06,High,True
Web Attack - XSS,Web Attack - XSS,1.0,0.9289,0.0,71.06,High,True
Web Attack - XSS,Web Attack - XSS,1.0,0.9399,0.0,71.06,High,True
Web Attack - XSS,Web Attack - XSS,1.0,0.944,0.0,71.06,High,True
Web Attack - XSS,Web Attack - XSS,1.0,0.9442,0.0,71.06,High,True
Web Attack - XSS,Web Attack - XSS,1.0,0.9427,0.0,71.06,High,True
SSH-Patator,Web Attack - XSS,1.0,0.9774,0.0,71.06,High,True
BENIGN,Web Attack - XSS,0.0,1.0,0.0003,42.5,Medium,True
SSH-Patator,Web Attack - XSS,1.0,0.9774,0.0,71.06,High,True
Web Attack - XSS,Web Attack - XSS,1.0,0.9418,0.0,71.06,High,True
Web Attack - XSS,Web Attack - XSS,1.0,0.9439,0.0,71.06,High,True
Web Attack - XSS,Web Attack - XSS,1.0,0.9434,0.0,71.06,High,True
Web Attack - XSS,Web Attack - XSS,1.0,0.9405,0.0,71.06,High,True
Web Attack - XSS,Web Attack - XSS,1.0,0.9407,0.0,71.06,High,True
Web Attack - XSS,Web Attack - XSS,1.0,0.9315,0.0,71.06,High,True
Web Attack - XSS,Web Attack - XSS,1.0,0.9434,0.0,71.06,High,True
Web Attack - XSS,Web Attack - XSS,1.0,0.9421,0.0,71.06,High,True
SSH-Patator,Web Attack - XSS,1.0,0.9774,0.0,71.06,High,True
Web Attack - XSS,Web Attack - XSS,1.0,0.9183,0.0,71.06,High,True
Web Attack - XSS,Web Attack - XSS,1.0,0.9426,0.0,71.06,High,True
Web Attack - XSS,Web Attack - XSS,1.0,0.9886,0.0,71.06,High,True
Web Attack - XSS,Web Attack - XSS,1.0,0.9407,0.0,71.06,High,True
Web Attack - XSS,Web Attack - XSS,1.0,0.9396,0.0,71.06,High,True
BENIGN,Web Attack - XSS,0.0,1.0,0.0003,42.5,Medium,True
Web Attack - XSS,Web Attack - XSS,1.0,0.9441,0.0,71.06,High,True
Web Attack - XSS,Web Attack - XSS,1.0,0.9429,0.0,71.06,High,True
Web Attack - XSS,Web Attack - XSS,1.0,0.9413,0.0,71.06,High,True
Web Attack - XSS,Web Attack - XSS,1.0,0.941,0.0,71.06,High,True
Web Attack - XSS,Web Attack - XSS,1.0,0.9428,0.0,71.06,High,True
Web Attack - XSS,Web Attack - XSS,1.0,0.9379,0.0,71.06,High,True
Web Attack - XSS,Web Attack - XSS,1.0,0.9395,0.0,71.06,High,True
Web Attack - XSS,Web Attack - XSS,1.0,0.916,0.0,71.06,High,True
Web Attack - XSS,Web Attack - XSS,1.0,0.9434,0.0,71.06,High,True
Web Attack - XSS,Web Attack - XSS,1.0,0.9379,0.0,71.06,High,True
Web Attack - XSS,Web Attack - XSS,1.0,0.9401,0.0,71.06,High,True
Web Attack - XSS,Web Attack - XSS,1.0,0.9393,0.0,71.06,High,True
SSH-Patator,Web Attack - XSS,1.0,0.9774,0.0,71.06,High,True
Web Attack - XSS,Web Attack - XSS,1.0,0.9433,0.0,71.06,High,True
Web Attack - XSS,Web Attack - XSS,1.0,0.9334,0.0,71.06,High,True
Web Attack - XSS,Web Attack - XSS,1.0,0.9196,0.0,71.06,High,True
Web Attack - XSS,Web Attack - XSS,1.0,0.9438,0.0,71.06,High,True
Web Attack - XSS,Web Attack - XSS,1.0,0.944,0.0,71.06,High,True
Web Attack - XSS,Web Attack - XSS,1.0,0.9431,0.0,71.06,High,True
Web Attack - XSS,Web Attack - XSS,1.0,0.9344,0.0,71.06,High,True
SSH-Patator,Web Attack - XSS,1.0,0.9781,0.0,71.06,High,True
Web Attack - XSS,Web Attack - XSS,1.0,0.9436,0.0,71.06,High,True
Web Attack - XSS,Web Attack - XSS,1.0,0.9389,0.0,71.06,High,True
Web Attack - XSS,Web Attack - XSS,1.0,0.941,0.0,71.06,High,True
Web Attack - XSS,Web Attack - XSS,1.0,0.9429,0.0,71.06,High,True
Web Attack - XSS,Web Attack - XSS,1.0,0.9427,0.0,71.06,High,True
Web Attack - XSS,Web Attack - XSS,1.0,0.9338,0.0,71.06,High,True
Web Attack - XSS,Web Attack - XSS,1.0,0.9231,0.0,71.06,High,True
Web Attack - XSS,Web Attack - XSS,1.0,0.9318,0.0,71.06,High,True
Web Attack - XSS,Web Attack - XSS,1.0,0.9414,0.0,71.06,High,True
Web Attack - XSS,Web Attack - XSS,1.0,0.9425,0.0,71.06,High,True
Web Attack - XSS,Web Attack - XSS,1.0,0.9407,0.0,71.06,High,True
Web Attack - XSS,Web Attack - XSS,1.0,0.9363,0.0,71.06,High,True
Web Attack - XSS,Web Attack - XSS,1.0,0.9396,0.0,71.06,High,True
Web Attack - XSS,Web Attack - XSS,1.0,0.9399,0.0,71.06,High,True
Web Attack - XSS,Web Attack - XSS,1.0,0.9447,0.0,71.06,High,True
Web Attack - XSS,Web Attack - XSS,1.0,0.9429,0.0,71.06,High,True
Web Attack - XSS,Web Attack - XSS,1.0,0.9224,0.0,71.06,High,True
Web Attack - XSS,Web Attack - XSS,1.0,0.9406,0.0,71.06,High,True
Web Attack - XSS,Web Attack - XSS,1.0,0.9439,0.0,71.06,High,True
Web Attack - XSS,Web Attack - XSS,1.0,0.9437,0.0,71.06,High,True
Web Attack - XSS,Web Attack - XSS,1.0,0.9425,0.0,71.06,High,True
Web Attack - XSS,Web Attack - XSS,1.0,0.9355,0.0,71.06,High,True
Web Attack - XSS,Web Attack - XSS,1.0,0.9433,0.0,71.06,High,True
Web Attack - XSS,Web Attack - XSS,1.0,0.9371,0.0,71.06,High,True
Web Attack - XSS,Web Attack - XSS,1.0,0.94,0.0,71.06,High,True
Web Attack - XSS,Web Attack - XSS,1.0,0.9361,0.0,71.06,High,True
Web Attack - XSS,Web Attack - XSS,1.0,0.944,0.0,71.06,High,True
Web Attack - XSS,Web Attack - XSS,1.0,0.9438,0.0,71.06,High,True
Web Attack - XSS,Web Attack - XSS,1.0,0.9413,0.0,71.06,High,True
Web Attack - XSS,Web Attack - XSS,1.0,0.936,0.0,71.06,High,True
Web Attack - XSS,Web Attack - XSS,1.0,0.9406,0.0,71.06,High,True
Web Attack - XSS,Web Attack - XSS,1.0,0.9162,0.0,71.06,High,True
Web Attack - XSS,Web Attack - XSS,1.0,0.9374,0.0,71.06,High,True
Web Attack - XSS,Web Attack - XSS,1.0,0.943,0.0,71.06,High,True
Web Attack - XSS,Web Attack - XSS,1.0,0.9424,0.0,71.06,High,True
Web Attack - XSS,Web Attack - XSS,1.0,0.9364,0.0,71.06,High,True
Web Attack - XSS,Web Attack - XSS,1.0,0.9381,0.0,71.06,High,True
Web Attack - XSS,Web Attack - XSS,1.0,0.9369,0.0,71.06,High,True
Web Attack - XSS,Web Attack - XSS,1.0,0.9318,0.0,71.06,High,True
Web Attack - XSS,Web Attack - XSS,1.0,0.9439,0.0,71.06,High,True
Web Attack - XSS,Web Attack - XSS,1.0,0.9187,0.0,71.06,High,True
Web Attack - XSS,Web Attack - XSS,1.0,0.9265,0.0,71.06,High,True
Web Attack - XSS,Web Attack - XSS,1.0,0.9431,0.0,71.06,High,True
